-5,0,0,0,0,-87,22,-16
-5,0,0,0,1,51,-15,-90
-5,0,0,0,2,-62,61,33
-5,0,0,1,0,53,-57,-91
-5,0,0,1,1,14,28,-64
-5,0,0,1,2,-27,-95,58
-5,0,0,2,0,100,32,23
-5,0,0,2,1,-46,-6,-39
-5,0,0,2,2,72,8,-34
-5,0,0,3,0,67,6,96
-5,0,0,3,1,0,6,26
-5,0,0,3,2,-74,25,54
-5,0,1,0,0,84,9,68
-5,0,1,0,1,-6,-52,-65
-5,0,1,0,2,-83,71,-89
-5,0,1,1,0,2,-97,-32
-5,0,1,1,1,62,-8,-8
-5,0,1,1,2,-93,-33,80
-5,0,1,2,0,-96,-35,27
-5,0,1,2,1,33,78,58
-5,0,1,2,2,-58,15,-65
-5,0,1,3,0,93,40,78
-5,0,1,3,1,82,-30,-94
-5,0,1,3,2,23,-65,-9
-5,0,2,0,0,-9,-17,57
-5,0,2,0,1,-81,47,-1
-5,0,2,0,2,-95,29,20
-5,0,2,1,0,91,-64,95
-5,0,2,1,1,-64,-51,92
-5,0,2,1,2,47,-27,74
-5,0,2,2,0,-84,-59,61
-5,0,2,2,1,87,-48,44
-5,0,2,2,2,-26,37,94
-5,0,2,3,0,50,80,81
-5,0,2,3,1,7,48,-90
-5,0,2,3,2,-88,-54,64
-5,0,3,0,0,-23,90,-5
-5,0,3,0,1,28,-75,85
-5,0,3,0,2,63,-35,-59
-5,0,3,1,0,95,-95,0
-5,0,3,1,1,39,-48,-57
-5,0,3,1,2,-96,59,58
-5,0,3,2,0,-73,-30,66
-5,0,3,2,1,77,-95,-3
-5,0,3,2,2,-63,40,90
-5,0,3,3,0,34,-8,23
-5,0,3,3,1,88,-96,8
-5,0,3,3,2,-55,-80,12
-5,1,0,0,0,-34,53,-18
-5,1,0,0,1,15,-48,-60
-5,1,0,0,2,100,-56,95
-5,1,0,1,0,-49,-71,-35
-5,1,0,1,1,-67,19,59
-5,1,0,1,2,15,-26,72
-5,1,0,2,0,-59,38,-99
-5,1,0,2,1,83,5,41
-5,1,0,2,2,23,-22,-96
-5,1,0,3,0,-95,-1,20
-5,1,0,3,1,-100,59,-90
-5,1,0,3,2,-64,61,36
-5,1,1,0,0,-58,76,-20
-5,1,1,0,1,98,45,5
-5,1,1,0,2,-96,-33,92
-5,1,1,1,0,72,36,-88
-5,1,1,1,1,95,-22,-50
-5,1,1,1,2,-28,-46,-78
-5,1,1,2,0,43,100,-34
-5,1,1,2,1,87,63,-43
-5,1,1,2,2,62,44,2
-5,1,1,3,0,-27,91,17
-5,1,1,3,1,46,33,76
-5,1,1,3,2,66,-96,-43
-5,1,2,0,0,95,-14,-82
-5,1,2,0,1,-11,71,-93
-5,1,2,0,2,1,-95,-37
-5,1,2,1,0,12,-97,24
-5,1,2,1,1,-91,64,58
-5,1,2,1,2,38,83,10
-5,1,2,2,0,-92,-77,-10
-5,1,2,2,1,16,13,23
-5,1,2,2,2,-91,20,49
-5,1,2,3,0,-99,-62,76
-5,1,2,3,1,55,39,-47
-5,1,2,3,2,-21,76,-4
-5,1,3,0,0,61,-78,-23
-5,1,3,0,1,-12,95,-7
-5,1,3,0,2,-54,-48,82
-5,1,3,1,0,18,-15,60
-5,1,3,1,1,-19,28,60
-5,1,3,1,2,-4,-54,4
-5,1,3,2,0,-1,-9,72
-5,1,3,2,1,-18,22,42
-5,1,3,2,2,-84,15,-61
-5,1,3,3,0,-44,-95,58
-5,1,3,3,1,81,-33,45
-5,1,3,3,2,93,-21,23
-5,2,0,0,0,3,72,-38
-5,2,0,0,1,28,12,-53
-5,2,0,0,2,16,-46,8
-5,2,0,1,0,-31,57,-85
-5,2,0,1,1,-84,-16,42
-5,2,0,1,2,30,-58,79
-5,2,0,2,0,66,91,-12
-5,2,0,2,1,-87,-38,90
-5,2,0,2,2,-40,-69,43
-5,2,0,3,0,-10,-78,-38
-5,2,0,3,1,-73,58,-76
-5,2,0,3,2,55,-23,96
-5,2,1,0,0,-68,-17,78
-5,2,1,0,1,-6,10,38
-5,2,1,0,2,64,-56,-8
-5,2,1,1,0,-64,-57,100
-5,2,1,1,1,-93,42,70
-5,2,1,1,2,-60,45,35
-5,2,1,2,0,-72,76,6
-5,2,1,2,1,100,9,-87
-5,2,1,2,2,-58,-84,-48
-5,2,1,3,0,-32,18,6
-5,2,1,3,1,67,-72,-70
-5,2,1,3,2,-78,-98,39
-5,2,2,0,0,-7,19,27
-5,2,2,0,1,77,-14,31
-5,2,2,0,2,44,-5,-18
-5,2,2,1,0,-18,11,-94
-5,2,2,1,1,-73,-78,24
-5,2,2,1,2,1,35,78
-5,2,2,2,0,-17,94,62
-5,2,2,2,1,-74,50,-72
-5,2,2,2,2,-53,9,-82
-5,2,2,3,0,-19,29,20
-5,2,2,3,1,-55,-39,-25
-5,2,2,3,2,3,53,65
-5,2,3,0,0,70,34,66
-5,2,3,0,1,40,16,88
-5,2,3,0,2,-90,-82,-13
-5,2,3,1,0,57,14,-64
-5,2,3,1,1,49,-53,-74
-5,2,3,1,2,-3,-87,-94
-5,2,3,2,0,41,16,2
-5,2,3,2,1,-94,-8,24
-5,2,3,2,2,-22,58,49
-5,2,3,3,0,75,-41,-79
-5,2,3,3,1,-35,34,53
-5,2,3,3,2,100,-19,-65
-5,3,0,0,0,-50,-23,-28
-5,3,0,0,1,16,-17,7
-5,3,0,0,2,43,23,-72
-5,3,0,1,0,87,-86,66
-5,3,0,1,1,82,85,-61
-5,3,0,1,2,-70,89,-73
-5,3,0,2,0,-33,-21,72
-5,3,0,2,1,3,24,57
-5,3,0,2,2,94,21,-38
-5,3,0,3,0,-91,-82,-1
-5,3,0,3,1,-79,21,41
-5,3,0,3,2,-96,-68,-6
-5,3,1,0,0,29,-91,-11
-5,3,1,0,1,-72,-76,-21
-5,3,1,0,2,-98,-68,-22
-5,3,1,1,0,89,28,62
-5,3,1,1,1,-48,-78,49
-5,3,1,1,2,-37,-78,-21
-5,3,1,2,0,11,-72,-44
-5,3,1,2,1,-78,-94,-62
-5,3,1,2,2,9,-58,27
-5,3,1,3,0,89,39,-96
-5,3,1,3,1,-40,-2,-12
-5,3,1,3,2,50,77,-43
-5,3,2,0,0,16,69,-76
-5,3,2,0,1,-68,-49,-36
-5,3,2,0,2,-76,3,65
-5,3,2,1,0,64,-68,41
-5,3,2,1,1,-63,-69,-82
-5,3,2,1,2,54,-80,95
-5,3,2,2,0,59,-62,98
-5,3,2,2,1,87,16,-72
-5,3,2,2,2,28,-57,-70
-5,3,2,3,0,100,96,52
-5,3,2,3,1,51,-14,-72
-5,3,2,3,2,77,29,-48
-5,3,3,0,0,88,67,23
-5,3,3,0,1,-100,-21,38
-5,3,3,0,2,-72,8,99
-5,3,3,1,0,-69,-49,-96
-5,3,3,1,1,86,-64,-64
-5,3,3,1,2,69,-96,55
-5,3,3,2,0,-32,-32,-10
-5,3,3,2,1,-51,-94,58
-5,3,3,2,2,-7,42,-12
-5,3,3,3,0,-19,91,21
-5,3,3,3,1,77,-64,-15
-5,3,3,3,2,-53,14,4
-5,4,0,0,0,80,-80,11
-5,4,0,0,1,-7,-89,-5
-5,4,0,0,2,-81,55,21
-5,4,0,1,0,-50,-18,48
-5,4,0,1,1,65,-72,-70
-5,4,0,1,2,4,26,-63
-5,4,0,2,0,-68,-19,-68
-5,4,0,2,1,30,-35,98
-5,4,0,2,2,45,-92,15
-5,4,0,3,0,-3,73,35
-5,4,0,3,1,37,22,62
-5,4,0,3,2,49,65,-5
-5,4,1,0,0,-44,-61,-55
-5,4,1,0,1,-93,-55,21
-5,4,1,0,2,71,86,37
-5,4,1,1,0,0,21,99
-5,4,1,1,1,-81,-53,-47
-5,4,1,1,2,89,31,-46
-5,4,1,2,0,0,-96,0
-5,4,1,2,1,-9,58,89
-5,4,1,2,2,62,-31,-39
-5,4,1,3,0,16,-13,67
-5,4,1,3,1,45,24,9
-5,4,1,3,2,-24,-60,19
-5,4,2,0,0,76,41,16
-5,4,2,0,1,95,87,74
-5,4,2,0,2,-68,-65,-51
-5,4,2,1,0,-44,-76,20
-5,4,2,1,1,71,61,-53
-5,4,2,1,2,11,14,97
-5,4,2,2,0,39,46,50
-5,4,2,2,1,-14,-98,-39
-5,4,2,2,2,-10,-99,13
-5,4,2,3,0,-52,-68,58
-5,4,2,3,1,-97,-69,22
-5,4,2,3,2,-8,-26,66
-5,4,3,0,0,13,-41,-56
-5,4,3,0,1,-21,-60,5
-5,4,3,0,2,79,58,-19
-5,4,3,1,0,87,-5,23
-5,4,3,1,1,96,-60,-94
-5,4,3,1,2,-92,73,98
-5,4,3,2,0,-59,50,6
-5,4,3,2,1,50,-65,67
-5,4,3,2,2,5,100,-44
-5,4,3,3,0,-46,-73,-89
-5,4,3,3,1,-41,16,-54
-5,4,3,3,2,97,-94,59
-5,5,0,0,0,-2,11,82
-5,5,0,0,1,-65,-8,35
-5,5,0,0,2,73,-63,-9
-5,5,0,1,0,29,66,30
-5,5,0,1,1,-29,52,45
-5,5,0,1,2,-69,-20,7
-5,5,0,2,0,28,53,-2
-5,5,0,2,1,-19,92,-51
-5,5,0,2,2,65,-29,-6
-5,5,0,3,0,-47,23,-98
-5,5,0,3,1,-39,34,-40
-5,5,0,3,2,69,95,-36
-5,5,1,0,0,-69,20,51
-5,5,1,0,1,58,-54,65
-5,5,1,0,2,89,1,-9
-5,5,1,1,0,88,35,-99
-5,5,1,1,1,67,67,-75
-5,5,1,1,2,-19,-98,-2
-5,5,1,2,0,90,11,32
-5,5,1,2,1,14,-47,52
-5,5,1,2,2,79,26,69
-5,5,1,3,0,18,-37,-27
-5,5,1,3,1,61,-11,90
-5,5,1,3,2,-97,41,5
-5,5,2,0,0,82,8,52
-5,5,2,0,1,-78,-52,-14
-5,5,2,0,2,26,93,-30
-5,5,2,1,0,33,-93,-28
-5,5,2,1,1,-20,1,-27
-5,5,2,1,2,46,60,-85
-5,5,2,2,0,6,-91,-60
-5,5,2,2,1,4,79,70
-5,5,2,2,2,47,-6,-86
-5,5,2,3,0,67,16,59
-5,5,2,3,1,41,13,27
-5,5,2,3,2,-95,-28,35
-5,5,3,0,0,28,-98,-65
-5,5,3,0,1,70,57,4
-5,5,3,0,2,-26,-87,-96
-5,5,3,1,0,10,94,54
-5,5,3,1,1,74,98,76
-5,5,3,1,2,24,14,81
-5,5,3,2,0,72,75,75
-5,5,3,2,1,-35,19,70
-5,5,3,2,2,41,58,-30
-5,5,3,3,0,8,27,-30
-5,5,3,3,1,33,96,60
-5,5,3,3,2,-85,-86,-34
-4,0,0,0,0,-10,-35,69
-4,0,0,0,1,58,31,-26
-4,0,0,0,2,-32,-9,58
-4,0,0,1,0,66,-79,9
-4,0,0,1,1,37,-16,-61
-4,0,0,1,2,-27,59,-49
-4,0,0,2,0,-17,-45,-99
-4,0,0,2,1,1,31,28
-4,0,0,2,2,22,-45,71
-4,0,0,3,0,49,91,-22
-4,0,0,3,1,33,-55,93
-4,0,0,3,2,71,-33,-86
-4,0,1,0,0,24,-37,-68
-4,0,1,0,1,37,-31,80
-4,0,1,0,2,-87,-23,84
-4,0,1,1,0,86,-41,-89
-4,0,1,1,1,-45,-55,-9
-4,0,1,1,2,-83,65,34
-4,0,1,2,0,-81,63,-79
-4,0,1,2,1,52,-86,16
-4,0,1,2,2,-33,-2,88
-4,0,1,3,0,57,-90,68
-4,0,1,3,1,34,-68,42
-4,0,1,3,2,-20,56,-36
-4,0,2,0,0,-56,13,-11
-4,0,2,0,1,-97,-86,-14
-4,0,2,0,2,96,86,-18
-4,0,2,1,0,-49,41,-30
-4,0,2,1,1,-44,8,75
-4,0,2,1,2,7,66,-59
-4,0,2,2,0,67,40,-63
-4,0,2,2,1,90,-70,-17
-4,0,2,2,2,11,-72,-68
-4,0,2,3,0,70,-46,-10
-4,0,2,3,1,-50,-68,-93
-4,0,2,3,2,-42,-41,74
-4,0,3,0,0,39,-53,-68
-4,0,3,0,1,-80,-6,80
-4,0,3,0,2,-82,27,60
-4,0,3,1,0,-58,-45,-42
-4,0,3,1,1,28,-99,-3
-4,0,3,1,2,-30,24,-65
-4,0,3,2,0,-5,17,7
-4,0,3,2,1,54,20,30
-4,0,3,2,2,9,51,24
-4,0,3,3,0,-100,-68,36
-4,0,3,3,1,81,7,-68
-4,0,3,3,2,-42,78,27
-4,1,0,0,0,44,-19,-89
-4,1,0,0,1,63,28,-18
-4,1,0,0,2,67,-6,9
-4,1,0,1,0,33,-43,91
-4,1,0,1,1,72,-42,-80
-4,1,0,1,2,-52,25,-9
-4,1,0,2,0,-69,4,16
-4,1,0,2,1,-56,-88,23
-4,1,0,2,2,66,-66,-40
-4,1,0,3,0,-62,14,-75
-4,1,0,3,1,-42,0,-92
-4,1,0,3,2,12,22,76
-4,1,1,0,0,56,-72,-90
-4,1,1,0,1,72,44,-46
-4,1,1,0,2,-99,20,52
-4,1,1,1,0,-77,9,68
-4,1,1,1,1,-57,56,65
-4,1,1,1,2,-64,-67,15
-4,1,1,2,0,38,-81,29
-4,1,1,2,1,42,-50,-99
-4,1,1,2,2,-64,-42,61
-4,1,1,3,0,2,-14,-93
-4,1,1,3,1,53,34,-44
-4,1,1,3,2,18,0,-100
-4,1,2,0,0,-82,-74,-48
-4,1,2,0,1,78,-94,-35
-4,1,2,0,2,-18,-89,-78
-4,1,2,1,0,-97,24,-38
-4,1,2,1,1,79,66,-67
-4,1,2,1,2,-53,58,-39
-4,1,2,2,0,-11,-48,-56
-4,1,2,2,1,48,-44,14
-4,1,2,2,2,49,-27,100
-4,1,2,3,0,-74,-12,-1
-4,1,2,3,1,69,66,24
-4,1,2,3,2,-36,26,-41
-4,1,3,0,0,96,19,-78
-4,1,3,0,1,0,-38,-66
-4,1,3,0,2,-93,-77,-67
-4,1,3,1,0,7,34,43
-4,1,3,1,1,-46,-22,28
-4,1,3,1,2,13,-39,-38
-4,1,3,2,0,-90,-83,-3
-4,1,3,2,1,-84,19,64
-4,1,3,2,2,6,-29,-11
-4,1,3,3,0,17,-44,39
-4,1,3,3,1,-58,-96,-23
-4,1,3,3,2,35,-84,-45
-4,2,0,0,0,99,-54,-89
-4,2,0,0,1,99,-42,22
-4,2,0,0,2,-29,-96,-5
-4,2,0,1,0,7,25,64
-4,2,0,1,1,94,-96,-44
-4,2,0,1,2,-98,99,-84
-4,2,0,2,0,81,-6,-35
-4,2,0,2,1,-95,-65,-23
-4,2,0,2,2,-66,66,37
-4,2,0,3,0,-38,15,-41
-4,2,0,3,1,14,-34,-87
-4,2,0,3,2,-20,93,30
-4,2,1,0,0,8,-90,58
-4,2,1,0,1,34,-77,-96
-4,2,1,0,2,75,-14,82
-4,2,1,1,0,43,-41,47
-4,2,1,1,1,65,-46,-7
-4,2,1,1,2,-12,-26,-12
-4,2,1,2,0,34,-48,55
-4,2,1,2,1,1,51,29
-4,2,1,2,2,20,-5,3
-4,2,1,3,0,-52,75,5
-4,2,1,3,1,70,38,-50
-4,2,1,3,2,35,46,-45
-4,2,2,0,0,31,36,85
-4,2,2,0,1,32,-6,-52
-4,2,2,0,2,-51,37,86
-4,2,2,1,0,-12,-12,-96
-4,2,2,1,1,39,98,-44
-4,2,2,1,2,-88,-86,-25
-4,2,2,2,0,-77,-62,-83
-4,2,2,2,1,21,-8,-32
-4,2,2,2,2,12,14,-11
-4,2,2,3,0,77,9,-25
-4,2,2,3,1,7,48,-32
-4,2,2,3,2,74,-15,47
-4,2,3,0,0,-79,2,18
-4,2,3,0,1,1,-81,43
-4,2,3,0,2,-66,-48,79
-4,2,3,1,0,-7,5,19
-4,2,3,1,1,16,-1,-73
-4,2,3,1,2,81,32,30
-4,2,3,2,0,33,11,2
-4,2,3,2,1,5,-83,59
-4,2,3,2,2,96,97,-92
-4,2,3,3,0,-62,-99,27
-4,2,3,3,1,92,89,84
-4,2,3,3,2,-39,-77,-63
-4,3,0,0,0,-70,73,-77
-4,3,0,0,1,75,50,63
-4,3,0,0,2,67,59,60
-4,3,0,1,0,-90,6,42
-4,3,0,1,1,61,71,-51
-4,3,0,1,2,1,61,-30
-4,3,0,2,0,-9,69,44
-4,3,0,2,1,-54,-39,-48
-4,3,0,2,2,27,97,31
-4,3,0,3,0,41,-49,17
-4,3,0,3,1,55,-13,81
-4,3,0,3,2,52,-30,23
-4,3,1,0,0,-43,-31,-81
-4,3,1,0,1,-30,-30,12
-4,3,1,0,2,99,55,37
-4,3,1,1,0,-14,-44,27
-4,3,1,1,1,-35,-68,-26
-4,3,1,1,2,-92,-80,-36
-4,3,1,2,0,-45,-95,1
-4,3,1,2,1,-66,-94,85
-4,3,1,2,2,30,-76,12
-4,3,1,3,0,-30,-23,96
-4,3,1,3,1,42,-17,-72
-4,3,1,3,2,-99,38,-56
-4,3,2,0,0,-69,-25,21
-4,3,2,0,1,3,7,18
-4,3,2,0,2,-97,-3,52
-4,3,2,1,0,-50,-38,19
-4,3,2,1,1,-100,8,75
-4,3,2,1,2,-46,34,-66
-4,3,2,2,0,-79,56,49
-4,3,2,2,1,-57,29,-94
-4,3,2,2,2,-29,81,64
-4,3,2,3,0,26,19,-91
-4,3,2,3,1,21,71,54
-4,3,2,3,2,80,-24,-58
-4,3,3,0,0,79,-55,66
-4,3,3,0,1,3,-57,61
-4,3,3,0,2,-56,-9,-64
-4,3,3,1,0,-19,-72,92
-4,3,3,1,1,76,-12,-46
-4,3,3,1,2,48,5,57
-4,3,3,2,0,36,33,-64
-4,3,3,2,1,94,57,-72
-4,3,3,2,2,42,46,-96
-4,3,3,3,0,17,-9,-51
-4,3,3,3,1,95,-72,64
-4,3,3,3,2,-5,33,-28
-4,4,0,0,0,-68,51,1
-4,4,0,0,1,92,-66,44
-4,4,0,0,2,-3,-31,-24
-4,4,0,1,0,96,7,43
-4,4,0,1,1,40,61,-86
-4,4,0,1,2,-58,42,-39
-4,4,0,2,0,-40,-30,-37
-4,4,0,2,1,48,90,55
-4,4,0,2,2,-29,-89,94
-4,4,0,3,0,-21,59,65
-4,4,0,3,1,63,-86,86
-4,4,0,3,2,-50,-86,-3
-4,4,1,0,0,5,14,-63
-4,4,1,0,1,-17,-9,21
-4,4,1,0,2,0,-89,76
-4,4,1,1,0,-4,-29,-2
-4,4,1,1,1,16,9,72
-4,4,1,1,2,94,3,0
-4,4,1,2,0,-76,80,-30
-4,4,1,2,1,-96,-70,67
-4,4,1,2,2,65,-61,65
-4,4,1,3,0,48,48,-69
-4,4,1,3,1,-92,-59,-39
-4,4,1,3,2,12,-6,24
-4,4,2,0,0,38,-25,28
-4,4,2,0,1,82,-67,-4
-4,4,2,0,2,-64,-81,86
-4,4,2,1,0,-34,-93,16
-4,4,2,1,1,20,34,22
-4,4,2,1,2,-2,91,-98
-4,4,2,2,0,0,14,27
-4,4,2,2,1,-58,24,58
-4,4,2,2,2,92,59,86
-4,4,2,3,0,-39,-100,-15
-4,4,2,3,1,-6,-80,12
-4,4,2,3,2,28,-20,31
-4,4,3,0,0,-14,-73,27
-4,4,3,0,1,77,17,73
-4,4,3,0,2,29,-46,-72
-4,4,3,1,0,2,4,-44
-4,4,3,1,1,28,-27,-52
-4,4,3,1,2,-28,7,36
-4,4,3,2,0,-18,86,26
-4,4,3,2,1,99,-43,-69
-4,4,3,2,2,-45,56,-44
-4,4,3,3,0,-75,-52,72
-4,4,3,3,1,2,87,77
-4,4,3,3,2,-77,-1,-69
-4,5,0,0,0,15,29,-57
-4,5,0,0,1,-13,-63,2
-4,5,0,0,2,-48,-33,-39
-4,5,0,1,0,8,15,-87
-4,5,0,1,1,-65,0,-63
-4,5,0,1,2,-75,-15,-32
-4,5,0,2,0,72,-45,20
-4,5,0,2,1,-26,77,-67
-4,5,0,2,2,-93,-57,99
-4,5,0,3,0,-49,51,-92
-4,5,0,3,1,-89,-66,-69
-4,5,0,3,2,52,-48,55
-4,5,1,0,0,65,74,-72
-4,5,1,0,1,-54,49,62
-4,5,1,0,2,91,-66,28
-4,5,1,1,0,63,-34,-64
-4,5,1,1,1,37,54,98
-4,5,1,1,2,10,-37,66
-4,5,1,2,0,-2,36,74
-4,5,1,2,1,-65,29,-19
-4,5,1,2,2,39,-61,26
-4,5,1,3,0,-17,85,-87
-4,5,1,3,1,86,-5,68
-4,5,1,3,2,19,91,-14
-4,5,2,0,0,3,-96,23
-4,5,2,0,1,-54,54,-92
-4,5,2,0,2,-68,-50,75
-4,5,2,1,0,-39,14,-17
-4,5,2,1,1,-19,-29,-96
-4,5,2,1,2,27,56,-10
-4,5,2,2,0,69,-63,-40
-4,5,2,2,1,87,43,2
-4,5,2,2,2,-13,-34,57
-4,5,2,3,0,-13,-92,-39
-4,5,2,3,1,-72,79,-24
-4,5,2,3,2,-57,-94,100
-4,5,3,0,0,70,-35,-10
-4,5,3,0,1,-24,-15,-5
-4,5,3,0,2,-11,-19,-75
-4,5,3,1,0,-94,-87,8
-4,5,3,1,1,69,-31,-72
-4,5,3,1,2,-89,-43,-4
-4,5,3,2,0,-22,22,2
-4,5,3,2,1,86,94,-4
-4,5,3,2,2,20,70,33
-4,5,3,3,0,-68,62,-39
-4,5,3,3,1,-44,60,44
-4,5,3,3,2,12,-29,84
-3,0,0,0,0,61,-32,-98
-3,0,0,0,1,63,82,-44
-3,0,0,0,2,42,-56,-75
-3,0,0,1,0,43,-64,-3
-3,0,0,1,1,90,14,-27
-3,0,0,1,2,33,84,-31
-3,0,0,2,0,47,-75,-86
-3,0,0,2,1,17,-57,76
-3,0,0,2,2,-7,88,91
-3,0,0,3,0,-56,69,-16
-3,0,0,3,1,-61,88,39
-3,0,0,3,2,60,-1,-54
-3,0,1,0,0,-63,-34,-28
-3,0,1,0,1,-41,-55,21
-3,0,1,0,2,-60,33,40
-3,0,1,1,0,-6,-51,48
-3,0,1,1,1,-58,-58,-22
-3,0,1,1,2,-68,39,91
-3,0,1,2,0,-28,29,43
-3,0,1,2,1,-64,-55,70
-3,0,1,2,2,-59,78,-80
-3,0,1,3,0,-62,-92,-53
-3,0,1,3,1,-70,8,-75
-3,0,1,3,2,-92,30,-67
-3,0,2,0,0,-26,-12,-27
-3,0,2,0,1,-63,-68,-74
-3,0,2,0,2,-25,8,-51
-3,0,2,1,0,34,59,-3
-3,0,2,1,1,-93,-80,-77
-3,0,2,1,2,38,-58,52
-3,0,2,2,0,28,-49,94
-3,0,2,2,1,76,-88,-34
-3,0,2,2,2,-23,-24,56
-3,0,2,3,0,50,-67,18
-3,0,2,3,1,6,-76,27
-3,0,2,3,2,91,-19,-62
-3,0,3,0,0,17,36,-22
-3,0,3,0,1,6,71,54
-3,0,3,0,2,15,0,-29
-3,0,3,1,0,-35,-42,67
-3,0,3,1,1,66,-5,48
-3,0,3,1,2,-100,76,97
-3,0,3,2,0,5,-2,43
-3,0,3,2,1,-23,-91,12
-3,0,3,2,2,-16,29,25
-3,0,3,3,0,-77,-57,-24
-3,0,3,3,1,-93,38,23
-3,0,3,3,2,-40,49,-91
-3,1,0,0,0,-26,3,3
-3,1,0,0,1,48,96,-14
-3,1,0,0,2,-39,-5,26
-3,1,0,1,0,-53,21,66
-3,1,0,1,1,70,-61,4
-3,1,0,1,2,36,-74,-81
-3,1,0,2,0,72,25,-57
-3,1,0,2,1,81,-85,-64
-3,1,0,2,2,-10,-3,-34
-3,1,0,3,0,12,-23,29
-3,1,0,3,1,-36,-54,54
-3,1,0,3,2,-50,41,-87
-3,1,1,0,0,61,-44,55
-3,1,1,0,1,30,-60,26
-3,1,1,0,2,-88,-64,61
-3,1,1,1,0,-24,-41,28
-3,1,1,1,1,-22,-12,99
-3,1,1,1,2,70,-87,7
-3,1,1,2,0,95,-65,16
-3,1,1,2,1,-36,34,46
-3,1,1,2,2,-10,-94,10
-3,1,1,3,0,12,37,80
-3,1,1,3,1,92,-79,72
-3,1,1,3,2,-99,4,-29
-3,1,2,0,0,-29,-53,-89
-3,1,2,0,1,-54,86,-79
-3,1,2,0,2,-3,12,31
-3,1,2,1,0,5,89,84
-3,1,2,1,1,76,-89,23
-3,1,2,1,2,35,-19,46
-3,1,2,2,0,41,-2,-67
-3,1,2,2,1,-64,-50,-23
-3,1,2,2,2,63,17,-9
-3,1,2,3,0,-62,2,-96
-3,1,2,3,1,52,-64,39
-3,1,2,3,2,16,46,45
-3,1,3,0,0,78,62,95
-3,1,3,0,1,32,65,-95
-3,1,3,0,2,-77,-58,63
-3,1,3,1,0,-33,-99,60
-3,1,3,1,1,74,-67,59
-3,1,3,1,2,82,-70,73
-3,1,3,2,0,32,0,-51
-3,1,3,2,1,84,84,84
-3,1,3,2,2,-41,42,61
-3,1,3,3,0,-16,79,-2
-3,1,3,3,1,12,-17,-30
-3,1,3,3,2,53,-37,-57
-3,2,0,0,0,-9,-26,-2
-3,2,0,0,1,81,-27,-34
-3,2,0,0,2,-73,-71,-59
-3,2,0,1,0,15,-59,-40
-3,2,0,1,1,-39,11,-85
-3,2,0,1,2,22,27,24
-3,2,0,2,0,-21,27,20
-3,2,0,2,1,-12,-98,90
-3,2,0,2,2,-95,35,34
-3,2,0,3,0,-64,34,-66
-3,2,0,3,1,60,-15,73
-3,2,0,3,2,82,86,-59
-3,2,1,0,0,18,93,-61
-3,2,1,0,1,23,-31,68
-3,2,1,0,2,-74,-30,-68
-3,2,1,1,0,60,15,31
-3,2,1,1,1,-53,-44,-12
-3,2,1,1,2,49,43,3
-3,2,1,2,0,-93,60,4
-3,2,1,2,1,-68,97,72
-3,2,1,2,2,-10,82,-61
-3,2,1,3,0,80,-40,-4
-3,2,1,3,1,-1,-94,22
-3,2,1,3,2,41,-50,-67
-3,2,2,0,0,-24,-31,-91
-3,2,2,0,1,-12,-76,80
-3,2,2,0,2,100,87,-31
-3,2,2,1,0,-31,-47,-52
-3,2,2,1,1,81,10,38
-3,2,2,1,2,-78,-9,11
-3,2,2,2,0,10,-89,-21
-3,2,2,2,1,62,53,37
-3,2,2,2,2,-64,30,-65
-3,2,2,3,0,-79,-59,56
-3,2,2,3,1,84,-13,8
-3,2,2,3,2,-59,16,93
-3,2,3,0,0,-87,48,11
-3,2,3,0,1,-35,-7,99
-3,2,3,0,2,-53,-4,8
-3,2,3,1,0,-60,18,-81
-3,2,3,1,1,-36,-78,44
-3,2,3,1,2,38,-38,-93
-3,2,3,2,0,-47,28,-10
-3,2,3,2,1,-75,-23,93
-3,2,3,2,2,52,68,-48
-3,2,3,3,0,71,48,75
-3,2,3,3,1,-47,-97,44
-3,2,3,3,2,5,-37,-79
-3,3,0,0,0,-19,-41,58
-3,3,0,0,1,-89,-83,-57
-3,3,0,0,2,31,-25,-9
-3,3,0,1,0,-43,-48,19
-3,3,0,1,1,-40,-89,81
-3,3,0,1,2,-65,8,37
-3,3,0,2,0,-23,-90,43
-3,3,0,2,1,50,-51,-38
-3,3,0,2,2,-95,40,74
-3,3,0,3,0,58,-53,-9
-3,3,0,3,1,50,-62,-89
-3,3,0,3,2,57,50,7
-3,3,1,0,0,74,-92,6
-3,3,1,0,1,-41,-92,-10
-3,3,1,0,2,-38,86,-100
-3,3,1,1,0,-70,74,40
-3,3,1,1,1,-86,100,1
-3,3,1,1,2,92,-34,-60
-3,3,1,2,0,83,19,0
-3,3,1,2,1,13,61,25
-3,3,1,2,2,71,33,-23
-3,3,1,3,0,38,44,23
-3,3,1,3,1,88,96,-17
-3,3,1,3,2,44,92,-16
-3,3,2,0,0,12,76,45
-3,3,2,0,1,35,-73,5
-3,3,2,0,2,16,-27,59
-3,3,2,1,0,-42,78,38
-3,3,2,1,1,61,87,-29
-3,3,2,1,2,5,73,1
-3,3,2,2,0,52,33,-95
-3,3,2,2,1,68,-87,28
-3,3,2,2,2,-13,-8,24
-3,3,2,3,0,-13,51,-14
-3,3,2,3,1,-40,58,31
-3,3,2,3,2,50,80,9
-3,3,3,0,0,8,55,23
-3,3,3,0,1,-62,-51,36
-3,3,3,0,2,-2,-40,44
-3,3,3,1,0,-32,1,20
-3,3,3,1,1,-5,30,-10
-3,3,3,1,2,100,38,-85
-3,3,3,2,0,16,-59,27
-3,3,3,2,1,27,-97,-97
-3,3,3,2,2,33,-46,-50
-3,3,3,3,0,33,78,96
-3,3,3,3,1,19,-81,-86
-3,3,3,3,2,37,68,-11
-3,4,0,0,0,56,29,69
-3,4,0,0,1,73,-93,-79
-3,4,0,0,2,60,77,-7
-3,4,0,1,0,53,21,-98
-3,4,0,1,1,45,-51,5
-3,4,0,1,2,34,-41,-15
-3,4,0,2,0,73,-76,-35
-3,4,0,2,1,77,29,-31
-3,4,0,2,2,-95,-98,-37
-3,4,0,3,0,58,80,100
-3,4,0,3,1,20,-80,48
-3,4,0,3,2,60,37,-82
-3,4,1,0,0,62,54,21
-3,4,1,0,1,86,76,31
-3,4,1,0,2,-74,45,59
-3,4,1,1,0,-54,99,55
-3,4,1,1,1,-76,-9,90
-3,4,1,1,2,63,100,47
-3,4,1,2,0,50,-92,61
-3,4,1,2,1,40,-47,98
-3,4,1,2,2,86,4,-94
-3,4,1,3,0,-4,-76,93
-3,4,1,3,1,66,-94,-89
-3,4,1,3,2,-90,58,-35
-3,4,2,0,0,-77,49,-59
-3,4,2,0,1,50,-48,100
-3,4,2,0,2,86,98,37
-3,4,2,1,0,86,-2,-70
-3,4,2,1,1,-32,19,-72
-3,4,2,1,2,-100,-84,-98
-3,4,2,2,0,39,-48,-54
-3,4,2,2,1,-9,-48,26
-3,4,2,2,2,-82,15,-51
-3,4,2,3,0,41,-78,80
-3,4,2,3,1,90,3,-100
-3,4,2,3,2,46,-95,-3
-3,4,3,0,0,42,-2,83
-3,4,3,0,1,34,35,59
-3,4,3,0,2,41,-8,-38
-3,4,3,1,0,-33,-50,-62
-3,4,3,1,1,-11,-100,38
-3,4,3,1,2,-51,29,91
-3,4,3,2,0,-29,89,-25
-3,4,3,2,1,-37,7,-100
-3,4,3,2,2,-53,-51,34
-3,4,3,3,0,58,-7,-65
-3,4,3,3,1,-7,38,-94
-3,4,3,3,2,46,56,-8
-3,5,0,0,0,-54,-9,3
-3,5,0,0,1,6,-24,-52
-3,5,0,0,2,92,52,-15
-3,5,0,1,0,31,-38,41
-3,5,0,1,1,77,-30,-84
-3,5,0,1,2,39,77,-83
-3,5,0,2,0,90,-60,-64
-3,5,0,2,1,-61,-95,-67
-3,5,0,2,2,-53,30,13
-3,5,0,3,0,-85,36,-58
-3,5,0,3,1,87,19,4
-3,5,0,3,2,-53,56,56
-3,5,1,0,0,98,-8,-86
-3,5,1,0,1,48,72,-47
-3,5,1,0,2,-94,9,-4
-3,5,1,1,0,-33,-36,-67
-3,5,1,1,1,-16,6,-23
-3,5,1,1,2,-16,33,-62
-3,5,1,2,0,-11,-28,-11
-3,5,1,2,1,-80,29,-30
-3,5,1,2,2,-79,4,-67
-3,5,1,3,0,35,-27,36
-3,5,1,3,1,53,45,53
-3,5,1,3,2,97,-89,76
-3,5,2,0,0,35,-33,15
-3,5,2,0,1,75,57,67
-3,5,2,0,2,4,-41,2
-3,5,2,1,0,98,-83,66
-3,5,2,1,1,56,29,-34
-3,5,2,1,2,-52,-61,63
-3,5,2,2,0,-9,-60,46
-3,5,2,2,1,42,67,55
-3,5,2,2,2,-12,-63,2
-3,5,2,3,0,-9,-71,30
-3,5,2,3,1,88,20,-18
-3,5,2,3,2,20,75,67
-3,5,3,0,0,42,21,-98
-3,5,3,0,1,-45,56,-35
-3,5,3,0,2,-46,-87,-37
-3,5,3,1,0,-6,-53,96
-3,5,3,1,1,-22,-44,-64
-3,5,3,1,2,-85,-31,85
-3,5,3,2,0,60,96,-52
-3,5,3,2,1,-24,25,53
-3,5,3,2,2,68,11,-3
-3,5,3,3,0,55,14,-81
-3,5,3,3,1,43,72,-48
-3,5,3,3,2,-19,0,99
-2,0,0,0,0,63,-16,-70
-2,0,0,0,1,21,58,43
-2,0,0,0,2,60,-88,-46
-2,0,0,1,0,79,-65,8
-2,0,0,1,1,-37,34,79
-2,0,0,1,2,-26,31,-13
-2,0,0,2,0,-2,-61,76
-2,0,0,2,1,-21,38,-25
-2,0,0,2,2,-9,-78,-80
-2,0,0,3,0,-51,22,-86
-2,0,0,3,1,76,-52,32
-2,0,0,3,2,97,-50,36
-2,0,1,0,0,-50,79,-73
-2,0,1,0,1,45,-17,31
-2,0,1,0,2,69,-14,-97
-2,0,1,1,0,-71,-67,-89
-2,0,1,1,1,87,-33,-67
-2,0,1,1,2,19,53,60
-2,0,1,2,0,-17,-69,12
-2,0,1,2,1,23,10,-70
-2,0,1,2,2,83,81,-75
-2,0,1,3,0,-65,-45,-82
-2,0,1,3,1,-21,-58,-45
-2,0,1,3,2,79,91,-48
-2,0,2,0,0,-51,1,-41
-2,0,2,0,1,80,28,13
-2,0,2,0,2,7,-56,82
-2,0,2,1,0,0,18,-93
-2,0,2,1,1,20,37,97
-2,0,2,1,2,-74,-75,-36
-2,0,2,2,0,-36,47,-49
-2,0,2,2,1,-26,54,-1
-2,0,2,2,2,53,33,77
-2,0,2,3,0,89,94,-53
-2,0,2,3,1,-19,98,-54
-2,0,2,3,2,77,38,-76
-2,0,3,0,0,69,-90,94
-2,0,3,0,1,55,25,7
-2,0,3,0,2,-29,41,49
-2,0,3,1,0,-48,-61,9
-2,0,3,1,1,23,-13,55
-2,0,3,1,2,13,-18,-17
-2,0,3,2,0,24,-17,94
-2,0,3,2,1,72,51,-21
-2,0,3,2,2,-65,14,-43
-2,0,3,3,0,-45,-88,-43
-2,0,3,3,1,15,-50,-61
-2,0,3,3,2,57,-69,-9
-2,1,0,0,0,6,-89,-98
-2,1,0,0,1,-80,54,-60
-2,1,0,0,2,90,45,-30
-2,1,0,1,0,-46,-41,-53
-2,1,0,1,1,23,75,-60
-2,1,0,1,2,74,18,28
-2,1,0,2,0,-68,34,-16
-2,1,0,2,1,26,-11,-96
-2,1,0,2,2,80,72,-85
-2,1,0,3,0,20,-36,66
-2,1,0,3,1,52,93,-32
-2,1,0,3,2,-10,62,54
-2,1,1,0,0,-30,91,95
-2,1,1,0,1,-9,90,-29
-2,1,1,0,2,-71,53,-54
-2,1,1,1,0,96,97,-52
-2,1,1,1,1,96,90,12
-2,1,1,1,2,-74,51,77
-2,1,1,2,0,98,-22,6
-2,1,1,2,1,100,-82,42
-2,1,1,2,2,55,-37,22
-2,1,1,3,0,88,52,-4
-2,1,1,3,1,-16,89,74
-2,1,1,3,2,22,39,94
-2,1,2,0,0,72,-30,-48
-2,1,2,0,1,-27,33,-19
-2,1,2,0,2,67,-81,96
-2,1,2,1,0,-45,-6,-36
-2,1,2,1,1,72,60,77
-2,1,2,1,2,13,-29,87
-2,1,2,2,0,87,47,-46
-2,1,2,2,1,-50,-13,-59
-2,1,2,2,2,-35,-1,66
-2,1,2,3,0,40,-99,28
-2,1,2,3,1,-13,-32,-65
-2,1,2,3,2,39,54,51
-2,1,3,0,0,40,84,33
-2,1,3,0,1,-56,-57,75
-2,1,3,0,2,-83,9,-55
-2,1,3,1,0,70,-41,73
-2,1,3,1,1,-46,-78,77
-2,1,3,1,2,66,-71,23
-2,1,3,2,0,13,71,-80
-2,1,3,2,1,70,23,-81
-2,1,3,2,2,-61,70,-18
-2,1,3,3,0,70,-84,-41
-2,1,3,3,1,-81,-21,-88
-2,1,3,3,2,-15,97,26
-2,2,0,0,0,89,-10,95
-2,2,0,0,1,47,-68,-92
-2,2,0,0,2,51,78,-34
-2,2,0,1,0,82,-68,-35
-2,2,0,1,1,32,-9,-55
-2,2,0,1,2,-50,1,-13
-2,2,0,2,0,-21,42,34
-2,2,0,2,1,-21,-53,-1
-2,2,0,2,2,-95,-8,26
-2,2,0,3,0,97,15,-87
-2,2,0,3,1,-64,54,30
-2,2,0,3,2,-95,-17,97
-2,2,1,0,0,22,-14,43
-2,2,1,0,1,-22,13,-8
-2,2,1,0,2,28,81,-100
-2,2,1,1,0,-67,27,15
-2,2,1,1,1,-31,-94,-28
-2,2,1,1,2,-4,12,-64
-2,2,1,2,0,-58,-25,-45
-2,2,1,2,1,22,46,-43
-2,2,1,2,2,94,38,5
-2,2,1,3,0,-80,-19,85
-2,2,1,3,1,-42,-77,-40
-2,2,1,3,2,-42,-75,3
-2,2,2,0,0,-5,13,4
-2,2,2,0,1,-24,99,52
-2,2,2,0,2,31,48,-86
-2,2,2,1,0,-71,39,-28
-2,2,2,1,1,51,-75,2
-2,2,2,1,2,-53,-44,-57
-2,2,2,2,0,-67,60,40
-2,2,2,2,1,-78,66,47
-2,2,2,2,2,-23,-76,24
-2,2,2,3,0,59,38,-83
-2,2,2,3,1,29,67,-75
-2,2,2,3,2,73,62,-94
-2,2,3,0,0,65,-29,95
-2,2,3,0,1,-19,95,-57
-2,2,3,0,2,-17,-13,-81
-2,2,3,1,0,75,73,-82
-2,2,3,1,1,-36,44,65
-2,2,3,1,2,-57,32,-21
-2,2,3,2,0,91,72,53
-2,2,3,2,1,93,-16,5
-2,2,3,2,2,-12,21,28
-2,2,3,3,0,91,45,44
-2,2,3,3,1,-96,-56,-8
-2,2,3,3,2,83,-60,-46
-2,3,0,0,0,17,-20,-29
-2,3,0,0,1,79,-16,88
-2,3,0,0,2,77,33,63
-2,3,0,1,0,-36,-7,-33
-2,3,0,1,1,90,-27,56
-2,3,0,1,2,77,74,83
-2,3,0,2,0,-16,-11,28
-2,3,0,2,1,4,64,-70
-2,3,0,2,2,39,18,-25
-2,3,0,3,0,68,29,-62
-2,3,0,3,1,68,-10,-48
-2,3,0,3,2,29,84,99
-2,3,1,0,0,-28,32,26
-2,3,1,0,1,-55,24,87
-2,3,1,0,2,2,-17,-20
-2,3,1,1,0,12,8,1
-2,3,1,1,1,-56,33,-67
-2,3,1,1,2,-34,-13,72
-2,3,1,2,0,44,53,-17
-2,3,1,2,1,-96,-19,69
-2,3,1,2,2,75,-70,26
-2,3,1,3,0,14,67,83
-2,3,1,3,1,84,-36,-74
-2,3,1,3,2,-31,44,-63
-2,3,2,0,0,-29,-65,7
-2,3,2,0,1,-71,71,96
-2,3,2,0,2,46,-1,74
-2,3,2,1,0,58,-29,-65
-2,3,2,1,1,89,75,-6
-2,3,2,1,2,-21,56,-73
-2,3,2,2,0,-75,54,-10
-2,3,2,2,1,47,-51,-62
-2,3,2,2,2,-58,14,-55
-2,3,2,3,0,60,-37,77
-2,3,2,3,1,-5,-11,-83
-2,3,2,3,2,31,25,-6
-2,3,3,0,0,-92,-51,-27
-2,3,3,0,1,20,-2,24
-2,3,3,0,2,-33,66,-72
-2,3,3,1,0,-44,30,-76
-2,3,3,1,1,29,-18,11
-2,3,3,1,2,21,46,-93
-2,3,3,2,0,17,2,11
-2,3,3,2,1,-15,3,59
-2,3,3,2,2,-88,5,60
-2,3,3,3,0,30,54,-43
-2,3,3,3,1,100,-42,90
-2,3,3,3,2,38,97,-2
-2,4,0,0,0,78,-82,55
-2,4,0,0,1,80,-17,35
-2,4,0,0,2,-68,62,9
-2,4,0,1,0,94,47,9
-2,4,0,1,1,18,76,65
-2,4,0,1,2,59,79,62
-2,4,0,2,0,70,-36,79
-2,4,0,2,1,58,-58,58
-2,4,0,2,2,26,-73,-9
-2,4,0,3,0,70,36,51
-2,4,0,3,1,85,83,44
-2,4,0,3,2,74,58,-79
-2,4,1,0,0,-37,13,24
-2,4,1,0,1,-75,33,-48
-2,4,1,0,2,-65,-27,-73
-2,4,1,1,0,-19,77,1
-2,4,1,1,1,89,38,11
-2,4,1,1,2,20,14,98
-2,4,1,2,0,-57,-57,36
-2,4,1,2,1,50,-52,84
-2,4,1,2,2,92,-20,-3
-2,4,1,3,0,-63,-91,-59
-2,4,1,3,1,-97,-77,-57
-2,4,1,3,2,74,-17,99
-2,4,2,0,0,62,30,-70
-2,4,2,0,1,94,-20,-93
-2,4,2,0,2,36,66,82
-2,4,2,1,0,3,6,-23
-2,4,2,1,1,-96,25,-83
-2,4,2,1,2,-63,99,-9
-2,4,2,2,0,-90,-44,12
-2,4,2,2,1,41,78,-12
-2,4,2,2,2,37,58,-69
-2,4,2,3,0,-77,-6,-15
-2,4,2,3,1,86,-93,15
-2,4,2,3,2,98,48,79
-2,4,3,0,0,93,72,-99
-2,4,3,0,1,33,9,16
-2,4,3,0,2,94,-74,76
-2,4,3,1,0,19,-38,-91
-2,4,3,1,1,64,-93,-40
-2,4,3,1,2,-27,23,-96
-2,4,3,2,0,-38,-35,24
-2,4,3,2,1,-93,-7,-21
-2,4,3,2,2,31,2,26
-2,4,3,3,0,44,66,68
-2,4,3,3,1,9,-40,37
-2,4,3,3,2,-78,-98,79
-2,5,0,0,0,98,68,-28
-2,5,0,0,1,-66,-83,-5
-2,5,0,0,2,-58,-63,45
-2,5,0,1,0,16,-74,-62
-2,5,0,1,1,89,-97,65
-2,5,0,1,2,-33,-66,5
-2,5,0,2,0,10,60,66
-2,5,0,2,1,-50,65,-33
-2,5,0,2,2,6,-9,-6
-2,5,0,3,0,-17,-48,-28
-2,5,0,3,1,-29,-62,5
-2,5,0,3,2,21,52,-33
-2,5,1,0,0,-79,14,-68
-2,5,1,0,1,-37,-76,8
-2,5,1,0,2,-79,-84,-22
-2,5,1,1,0,25,-72,90
-2,5,1,1,1,45,64,-30
-2,5,1,1,2,-25,-3,-55
-2,5,1,2,0,-33,85,-54
-2,5,1,2,1,54,36,86
-2,5,1,2,2,-69,32,-25
-2,5,1,3,0,-93,-9,-17
-2,5,1,3,1,-20,78,16
-2,5,1,3,2,17,93,73
-2,5,2,0,0,4,-72,1
-2,5,2,0,1,-26,-70,83
-2,5,2,0,2,97,53,41
-2,5,2,1,0,30,-47,-1
-2,5,2,1,1,-93,-18,-31
-2,5,2,1,2,-58,50,-79
-2,5,2,2,0,43,46,70
-2,5,2,2,1,-41,68,-67
-2,5,2,2,2,49,77,-39
-2,5,2,3,0,31,11,0
-2,5,2,3,1,13,-50,-5
-2,5,2,3,2,-77,-85,-56
-2,5,3,0,0,31,-21,-69
-2,5,3,0,1,29,44,26
-2,5,3,0,2,-52,55,-47
-2,5,3,1,0,-93,71,-71
-2,5,3,1,1,64,-26,84
-2,5,3,1,2,-21,-97,87
-2,5,3,2,0,-25,44,89
-2,5,3,2,1,95,-14,-49
-2,5,3,2,2,37,-15,-76
-2,5,3,3,0,-82,-35,-6
-2,5,3,3,1,-69,84,89
-2,5,3,3,2,-8,-76,-2
-1,0,0,0,0,37,-95,15
-1,0,0,0,1,75,14,-40
-1,0,0,0,2,81,-16,-97
-1,0,0,1,0,-18,86,50
-1,0,0,1,1,86,6,-5
-1,0,0,1,2,73,-29,95
-1,0,0,2,0,25,71,-46
-1,0,0,2,1,-47,-38,-71
-1,0,0,2,2,83,-81,-3
-1,0,0,3,0,-40,100,-4
-1,0,0,3,1,-98,-42,35
-1,0,0,3,2,-5,90,13
-1,0,1,0,0,68,4,46
-1,0,1,0,1,-70,0,-60
-1,0,1,0,2,-1,-80,-59
-1,0,1,1,0,-68,96,92
-1,0,1,1,1,-97,-67,65
-1,0,1,1,2,37,-62,-45
-1,0,1,2,0,-12,15,97
-1,0,1,2,1,-40,-23,-49
-1,0,1,2,2,-72,12,-24
-1,0,1,3,0,30,50,-36
-1,0,1,3,1,-61,-50,60
-1,0,1,3,2,49,48,56
-1,0,2,0,0,46,46,75
-1,0,2,0,1,39,-4,4
-1,0,2,0,2,-74,-47,69
-1,0,2,1,0,51,-57,-18
-1,0,2,1,1,59,47,-27
-1,0,2,1,2,90,-60,-62
-1,0,2,2,0,-59,91,22
-1,0,2,2,1,93,-66,96
-1,0,2,2,2,-37,-88,-89
-1,0,2,3,0,-45,95,62
-1,0,2,3,1,-85,-57,83
-1,0,2,3,2,-86,37,2
-1,0,3,0,0,33,39,-74
-1,0,3,0,1,89,1,52
-1,0,3,0,2,-48,-76,-90
-1,0,3,1,0,88,86,-90
-1,0,3,1,1,-72,52,-98
-1,0,3,1,2,92,79,90
-1,0,3,2,0,51,78,-89
-1,0,3,2,1,-11,52,-99
-1,0,3,2,2,91,-85,34
-1,0,3,3,0,-72,-15,95
-1,0,3,3,1,47,58,-14
-1,0,3,3,2,76,-98,-16
-1,1,0,0,0,20,-16,10
-1,1,0,0,1,-77,-81,-70
-1,1,0,0,2,-64,-65,-96
-1,1,0,1,0,64,-50,25
-1,1,0,1,1,-64,85,-78
-1,1,0,1,2,0,-59,-86
-1,1,0,2,0,-91,80,-32
-1,1,0,2,1,32,6,99
-1,1,0,2,2,-14,-55,-100
-1,1,0,3,0,-2,-89,95
-1,1,0,3,1,-93,-58,-69
-1,1,0,3,2,-19,-87,36
-1,1,1,0,0,53,-63,-2
-1,1,1,0,1,25,-24,3
-1,1,1,0,2,-92,-85,62
-1,1,1,1,0,-25,-31,-35
-1,1,1,1,1,11,78,-80
-1,1,1,1,2,91,54,67
-1,1,1,2,0,-64,96,-29
-1,1,1,2,1,-60,-43,-33
-1,1,1,2,2,65,-51,-86
-1,1,1,3,0,13,-11,-84
-1,1,1,3,1,88,-91,39
-1,1,1,3,2,3,70,-49
-1,1,2,0,0,35,98,60
-1,1,2,0,1,-64,-15,27
-1,1,2,0,2,-85,96,-23
-1,1,2,1,0,-97,80,15
-1,1,2,1,1,38,-88,-68
-1,1,2,1,2,33,74,-71
-1,1,2,2,0,10,-11,95
-1,1,2,2,1,-14,-56,34
-1,1,2,2,2,-98,-52,-7
-1,1,2,3,0,-72,42,-76
-1,1,2,3,1,64,-48,4
-1,1,2,3,2,-59,-91,-57
-1,1,3,0,0,-76,65,-13
-1,1,3,0,1,31,88,24
-1,1,3,0,2,-72,-64,-46
-1,1,3,1,0,-95,-64,27
-1,1,3,1,1,92,48,-94
-1,1,3,1,2,-3,-94,-77
-1,1,3,2,0,69,-90,24
-1,1,3,2,1,-65,-15,12
-1,1,3,2,2,20,-27,84
-1,1,3,3,0,-93,-23,43
-1,1,3,3,1,-100,8,-60
-1,1,3,3,2,77,-91,75
-1,2,0,0,0,55,66,-24
-1,2,0,0,1,98,-50,74
-1,2,0,0,2,-58,-87,-86
-1,2,0,1,0,3,90,-51
-1,2,0,1,1,47,89,14
-1,2,0,1,2,-55,-92,41
-1,2,0,2,0,-47,-51,48
-1,2,0,2,1,-53,-22,-98
-1,2,0,2,2,72,30,80
-1,2,0,3,0,-91,31,-55
-1,2,0,3,1,-77,-70,52
-1,2,0,3,2,-17,-91,-45
-1,2,1,0,0,73,31,43
-1,2,1,0,1,83,41,63
-1,2,1,0,2,-33,-78,100
-1,2,1,1,0,-68,25,-32
-1,2,1,1,1,4,-66,6
-1,2,1,1,2,-53,2,-24
-1,2,1,2,0,73,-48,-25
-1,2,1,2,1,62,-29,58
-1,2,1,2,2,-6,-49,64
-1,2,1,3,0,99,39,-32
-1,2,1,3,1,51,-39,35
-1,2,1,3,2,-65,-95,-13
-1,2,2,0,0,-68,30,-33
-1,2,2,0,1,44,29,-54
-1,2,2,0,2,-18,-58,-92
-1,2,2,1,0,45,43,-31
-1,2,2,1,1,81,36,93
-1,2,2,1,2,96,57,29
-1,2,2,2,0,17,84,27
-1,2,2,2,1,57,-31,66
-1,2,2,2,2,-42,-87,-16
-1,2,2,3,0,33,-37,-95
-1,2,2,3,1,-87,-80,-6
-1,2,2,3,2,80,92,-22
-1,2,3,0,0,57,77,73
-1,2,3,0,1,-82,-86,-87
-1,2,3,0,2,-25,88,-66
-1,2,3,1,0,41,82,-4
-1,2,3,1,1,95,-22,31
-1,2,3,1,2,53,18,39
-1,2,3,2,0,-41,83,-53
-1,2,3,2,1,-24,-7,-38
-1,2,3,2,2,71,-52,-11
-1,2,3,3,0,-86,-81,-12
-1,2,3,3,1,-94,-54,-86
-1,2,3,3,2,10,95,-39
-1,3,0,0,0,75,29,-94
-1,3,0,0,1,93,-95,69
-1,3,0,0,2,-4,-41,-37
-1,3,0,1,0,92,-8,-23
-1,3,0,1,1,83,13,85
-1,3,0,1,2,-85,-26,-76
-1,3,0,2,0,86,83,40
-1,3,0,2,1,-35,88,50
-1,3,0,2,2,-5,-96,69
-1,3,0,3,0,-44,55,58
-1,3,0,3,1,-99,50,13
-1,3,0,3,2,-55,-99,58
-1,3,1,0,0,82,85,-33
-1,3,1,0,1,14,98,3
-1,3,1,0,2,-43,91,-50
-1,3,1,1,0,6,-60,71
-1,3,1,1,1,-91,94,-82
-1,3,1,1,2,-1,-12,-24
-1,3,1,2,0,-62,-57,14
-1,3,1,2,1,-53,48,-65
-1,3,1,2,2,18,-63,80
-1,3,1,3,0,13,-16,8
-1,3,1,3,1,-39,2,37
-1,3,1,3,2,14,2,63
-1,3,2,0,0,28,18,51
-1,3,2,0,1,-59,17,35
-1,3,2,0,2,-96,-96,-85
-1,3,2,1,0,-10,23,-76
-1,3,2,1,1,30,-68,72
-1,3,2,1,2,95,41,27
-1,3,2,2,0,32,-35,-11
-1,3,2,2,1,-56,18,98
-1,3,2,2,2,-63,-26,3
-1,3,2,3,0,8,91,18
-1,3,2,3,1,-37,-41,-66
-1,3,2,3,2,-11,42,-16
-1,3,3,0,0,13,-39,-37
-1,3,3,0,1,-20,2,-27
-1,3,3,0,2,-6,-51,54
-1,3,3,1,0,-80,77,-31
-1,3,3,1,1,26,-31,-67
-1,3,3,1,2,-35,-28,-28
-1,3,3,2,0,36,75,94
-1,3,3,2,1,-9,55,52
-1,3,3,2,2,63,-27,-31
-1,3,3,3,0,9,1,-7
-1,3,3,3,1,-62,-77,-92
-1,3,3,3,2,-59,-54,-36
-1,4,0,0,0,-71,30,-65
-1,4,0,0,1,80,-63,-61
-1,4,0,0,2,18,-23,69
-1,4,0,1,0,64,-87,52
-1,4,0,1,1,-93,-42,-72
-1,4,0,1,2,-25,58,85
-1,4,0,2,0,58,-46,-66
-1,4,0,2,1,24,76,-13
-1,4,0,2,2,91,-62,-32
-1,4,0,3,0,7,51,24
-1,4,0,3,1,-73,59,-54
-1,4,0,3,2,4,-1,-17
-1,4,1,0,0,89,29,78
-1,4,1,0,1,45,50,12
-1,4,1,0,2,23,-59,-81
-1,4,1,1,0,-14,5,93
-1,4,1,1,1,-10,-19,43
-1,4,1,1,2,-27,40,65
-1,4,1,2,0,31,-85,16
-1,4,1,2,1,-30,62,58
-1,4,1,2,2,-61,-25,-1
-1,4,1,3,0,76,95,-89
-1,4,1,3,1,-33,-96,-59
-1,4,1,3,2,-51,-52,-60
-1,4,2,0,0,74,44,-95
-1,4,2,0,1,4,-71,-96
-1,4,2,0,2,-6,30,-49
-1,4,2,1,0,-48,72,-27
-1,4,2,1,1,-83,-34,-82
-1,4,2,1,2,-40,-2,-7
-1,4,2,2,0,-58,25,20
-1,4,2,2,1,-54,-14,-72
-1,4,2,2,2,36,-20,53
-1,4,2,3,0,-75,-61,12
-1,4,2,3,1,39,-64,-87
-1,4,2,3,2,37,82,-4
-1,4,3,0,0,-38,-67,-7
-1,4,3,0,1,-12,-8,99
-1,4,3,0,2,-58,-41,34
-1,4,3,1,0,90,-60,-70
-1,4,3,1,1,-92,17,-9
-1,4,3,1,2,72,16,-38
-1,4,3,2,0,95,-14,79
-1,4,3,2,1,12,63,75
-1,4,3,2,2,62,20,-41
-1,4,3,3,0,-29,56,25
-1,4,3,3,1,11,-71,65
-1,4,3,3,2,-19,-16,43
-1,5,0,0,0,29,-60,51
-1,5,0,0,1,-13,-79,-44
-1,5,0,0,2,57,31,24
-1,5,0,1,0,-34,-92,55
-1,5,0,1,1,-7,-4,100
-1,5,0,1,2,21,-14,-43
-1,5,0,2,0,83,-70,41
-1,5,0,2,1,60,-22,-12
-1,5,0,2,2,-7,61,-75
-1,5,0,3,0,-22,67,27
-1,5,0,3,1,52,29,54
-1,5,0,3,2,-68,-34,-11
-1,5,1,0,0,-67,69,-4
-1,5,1,0,1,-23,-80,-20
-1,5,1,0,2,-85,55,21
-1,5,1,1,0,29,62,0
-1,5,1,1,1,-59,-35,-2
-1,5,1,1,2,92,46,56
-1,5,1,2,0,98,91,-4
-1,5,1,2,1,-25,33,-4
-1,5,1,2,2,-6,-71,48
-1,5,1,3,0,34,-52,36
-1,5,1,3,1,79,-29,-7
-1,5,1,3,2,-48,-50,-69
-1,5,2,0,0,-56,-60,3
-1,5,2,0,1,-7,-31,99
-1,5,2,0,2,46,85,-1
-1,5,2,1,0,-75,76,52
-1,5,2,1,1,5,-3,-27
-1,5,2,1,2,79,-44,10
-1,5,2,2,0,5,53,-59
-1,5,2,2,1,45,97,-67
-1,5,2,2,2,33,95,-87
-1,5,2,3,0,11,-58,-85
-1,5,2,3,1,-4,9,-72
-1,5,2,3,2,20,52,66
-1,5,3,0,0,1,22,-34
-1,5,3,0,1,-42,-45,57
-1,5,3,0,2,-8,52,-82
-1,5,3,1,0,71,22,46
-1,5,3,1,1,-54,60,-67
-1,5,3,1,2,22,-15,72
-1,5,3,2,0,-20,72,-11
-1,5,3,2,1,-25,3,34
-1,5,3,2,2,61,5,53
-1,5,3,3,0,-40,-74,-10
-1,5,3,3,1,-7,95,38
-1,5,3,3,2,-20,-78,37
0,0,0,0,0,77,60,-90
0,0,0,0,1,98,69,63
0,0,0,0,2,-22,-43,13
0,0,0,1,0,-19,94,-91
0,0,0,1,1,-96,-42,93
0,0,0,1,2,-89,16,-81
0,0,0,2,0,96,45,-35
0,0,0,2,1,74,-79,-8
0,0,0,2,2,29,53,-20
0,0,0,3,0,68,-94,69
0,0,0,3,1,-20,11,-52
0,0,0,3,2,-31,-86,92
0,0,1,0,0,-2,-11,61
0,0,1,0,1,56,75,-65
0,0,1,0,2,50,50,76
0,0,1,1,0,10,0,49
0,0,1,1,1,-81,26,-20
0,0,1,1,2,-48,-94,-30
0,0,1,2,0,-53,88,45
0,0,1,2,1,61,68,51
0,0,1,2,2,48,-54,-98
0,0,1,3,0,-31,53,-51
0,0,1,3,1,-15,-72,70
0,0,1,3,2,-57,-94,-37
0,0,2,0,0,-34,21,83
0,0,2,0,1,95,66,44
0,0,2,0,2,-81,30,-100
0,0,2,1,0,-70,12,88
0,0,2,1,1,-68,84,-96
0,0,2,1,2,95,17,11
0,0,2,2,0,-37,-22,-24
0,0,2,2,1,96,-61,16
0,0,2,2,2,-48,99,-19
0,0,2,3,0,-55,-44,-19
0,0,2,3,1,35,83,-50
0,0,2,3,2,65,-50,72
0,0,3,0,0,1,-62,3
0,0,3,0,1,-87,-38,52
0,0,3,0,2,-19,-45,-10
0,0,3,1,0,84,40,-40
0,0,3,1,1,18,-73,26
0,0,3,1,2,46,-49,-74
0,0,3,2,0,30,83,-85
0,0,3,2,1,79,-46,-31
0,0,3,2,2,65,-24,-25
0,0,3,3,0,10,-3,-81
0,0,3,3,1,-10,93,96
0,0,3,3,2,4,-61,32
0,1,0,0,0,90,-65,-10
0,1,0,0,1,87,-86,34
0,1,0,0,2,26,19,-60
0,1,0,1,0,39,-88,-79
0,1,0,1,1,-6,-30,-46
0,1,0,1,2,-86,86,-76
0,1,0,2,0,51,53,-15
0,1,0,2,1,-70,2,37
0,1,0,2,2,-87,12,11
0,1,0,3,0,67,-51,-54
0,1,0,3,1,-93,84,80
0,1,0,3,2,-73,-66,81
0,1,1,0,0,40,72,-50
0,1,1,0,1,-19,-65,99
0,1,1,0,2,-92,56,-42
0,1,1,1,0,39,-67,53
0,1,1,1,1,66,-84,41
0,1,1,1,2,82,86,-30
0,1,1,2,0,82,27,-43
0,1,1,2,1,-25,29,50
0,1,1,2,2,43,69,94
0,1,1,3,0,68,-72,-48
0,1,1,3,1,39,-89,-1
0,1,1,3,2,-59,40,-90
0,1,2,0,0,-35,-49,20
0,1,2,0,1,-46,78,-27
0,1,2,0,2,-32,48,86
0,1,2,1,0,6,59,-100
0,1,2,1,1,63,54,-53
0,1,2,1,2,-43,-46,66
0,1,2,2,0,-96,19,-76
0,1,2,2,1,43,-60,-82
0,1,2,2,2,69,33,42
0,1,2,3,0,86,-70,70
0,1,2,3,1,55,31,9
0,1,2,3,2,49,-39,32
0,1,3,0,0,69,-10,-76
0,1,3,0,1,-2,-89,41
0,1,3,0,2,-18,-24,-80
0,1,3,1,0,100,38,13
0,1,3,1,1,-92,49,51
0,1,3,1,2,-60,-89,-95
0,1,3,2,0,26,-71,77
0,1,3,2,1,80,-61,88
0,1,3,2,2,-44,80,36
0,1,3,3,0,99,31,6
0,1,3,3,1,83,-73,-2
0,1,3,3,2,-28,-66,68
0,2,0,0,0,66,53,66
0,2,0,0,1,-54,23,-16
0,2,0,0,2,-25,-21,-94
0,2,0,1,0,-31,-76,67
0,2,0,1,1,100,4,26
0,2,0,1,2,0,31,-86
0,2,0,2,0,-61,-33,-23
0,2,0,2,1,73,85,-67
0,2,0,2,2,-58,-87,23
0,2,0,3,0,71,-97,-48
0,2,0,3,1,-69,8,-26
0,2,0,3,2,-57,-9,-21
0,2,1,0,0,-62,-52,-53
0,2,1,0,1,22,13,-13
0,2,1,0,2,-88,-89,4
0,2,1,1,0,97,59,52
0,2,1,1,1,96,29,49
0,2,1,1,2,-31,80,-59
0,2,1,2,0,-39,-9,-41
0,2,1,2,1,7,-61,8
0,2,1,2,2,-34,14,15
0,2,1,3,0,-71,7,82
0,2,1,3,1,-81,-34,78
0,2,1,3,2,-86,45,16
0,2,2,0,0,34,-24,0
0,2,2,0,1,44,14,65
0,2,2,0,2,57,-23,79
0,2,2,1,0,-48,54,-60
0,2,2,1,1,-79,94,-1
0,2,2,1,2,-84,77,7
0,2,2,2,0,30,-34,-73
0,2,2,2,1,85,40,-62
0,2,2,2,2,34,89,7
0,2,2,3,0,-94,6,58
0,2,2,3,1,95,-81,10
0,2,2,3,2,32,94,-24
0,2,3,0,0,42,13,-38
0,2,3,0,1,-58,85,28
0,2,3,0,2,24,-95,67
0,2,3,1,0,48,-92,-7
0,2,3,1,1,-1,-98,97
0,2,3,1,2,-76,12,69
0,2,3,2,0,-64,-40,74
0,2,3,2,1,-21,43,49
0,2,3,2,2,45,-73,-35
0,2,3,3,0,-44,-77,-75
0,2,3,3,1,-33,94,50
0,2,3,3,2,4,-89,-46
0,3,0,0,0,-61,86,-54
0,3,0,0,1,-98,-41,42
0,3,0,0,2,-70,71,-17
0,3,0,1,0,20,16,37
0,3,0,1,1,-83,0,-6
0,3,0,1,2,-66,-47,-25
0,3,0,2,0,28,92,-41
0,3,0,2,1,-26,30,88
0,3,0,2,2,-99,-57,-32
0,3,0,3,0,34,10,8
0,3,0,3,1,77,78,-81
0,3,0,3,2,-55,-41,-55
0,3,1,0,0,29,-8,-84
0,3,1,0,1,84,-3,-37
0,3,1,0,2,38,18,38
0,3,1,1,0,81,-54,-10
0,3,1,1,1,-85,13,27
0,3,1,1,2,2,61,-73
0,3,1,2,0,-62,7,-26
0,3,1,2,1,15,-95,-58
0,3,1,2,2,-5,75,-57
0,3,1,3,0,93,97,-64
0,3,1,3,1,-1,-9,5
0,3,1,3,2,-73,-83,-39
0,3,2,0,0,-53,-60,-64
0,3,2,0,1,53,-2,90
0,3,2,0,2,-75,-76,54
0,3,2,1,0,99,81,-88
0,3,2,1,1,-44,41,-91
0,3,2,1,2,-99,-97,64
0,3,2,2,0,66,-13,-29
0,3,2,2,1,81,-26,-33
0,3,2,2,2,83,86,-30
0,3,2,3,0,-94,26,0
0,3,2,3,1,-23,-86,-67
0,3,2,3,2,-96,4,100
0,3,3,0,0,-6,10,-24
0,3,3,0,1,-65,-50,-5
0,3,3,0,2,-43,49,49
0,3,3,1,0,-16,98,89
0,3,3,1,1,-58,93,-31
0,3,3,1,2,-17,-82,100
0,3,3,2,0,67,-11,19
0,3,3,2,1,30,-59,54
0,3,3,2,2,47,97,-84
0,3,3,3,0,-31,-92,46
0,3,3,3,1,-86,47,-64
0,3,3,3,2,97,-99,83
0,4,0,0,0,-94,-16,-43
0,4,0,0,1,-59,-1,-82
0,4,0,0,2,-81,-25,-19
0,4,0,1,0,-7,-39,55
0,4,0,1,1,67,-87,-85
0,4,0,1,2,64,7,56
0,4,0,2,0,-2,65,-55
0,4,0,2,1,-77,-30,40
0,4,0,2,2,84,-86,-14
0,4,0,3,0,-73,-30,86
0,4,0,3,1,-59,100,-29
0,4,0,3,2,46,93,-29
0,4,1,0,0,-87,92,-80
0,4,1,0,1,-43,92,66
0,4,1,0,2,38,-5,51
0,4,1,1,0,-46,-44,99
0,4,1,1,1,45,-58,-20
0,4,1,1,2,-18,-41,-22
0,4,1,2,0,94,-100,62
0,4,1,2,1,20,-62,-74
0,4,1,2,2,87,18,-66
0,4,1,3,0,41,42,89
0,4,1,3,1,-49,18,80
0,4,1,3,2,-30,-100,-72
0,4,2,0,0,16,-59,100
0,4,2,0,1,-73,-30,-62
0,4,2,0,2,42,82,-36
0,4,2,1,0,-47,66,-30
0,4,2,1,1,24,53,-88
0,4,2,1,2,10,-42,24
0,4,2,2,0,-56,60,-64
0,4,2,2,1,-91,-7,92
0,4,2,2,2,58,2,69
0,4,2,3,0,95,19,64
0,4,2,3,1,-33,54,49
0,4,2,3,2,44,-35,-95
0,4,3,0,0,-57,54,64
0,4,3,0,1,-33,-86,-37
0,4,3,0,2,61,-68,-38
0,4,3,1,0,93,-3,-88
0,4,3,1,1,92,56,-12
0,4,3,1,2,-79,-43,77
0,4,3,2,0,-60,-75,48
0,4,3,2,1,21,78,22
0,4,3,2,2,-18,-74,-13
0,4,3,3,0,44,-98,-77
0,4,3,3,1,41,-72,-7
0,4,3,3,2,-20,69,-29
0,5,0,0,0,-99,39,-59
0,5,0,0,1,34,57,-32
0,5,0,0,2,-38,-20,-36
0,5,0,1,0,65,-55,0
0,5,0,1,1,35,-26,60
0,5,0,1,2,47,57,72
0,5,0,2,0,-83,70,-50
0,5,0,2,1,-36,-78,17
0,5,0,2,2,-25,-65,97
0,5,0,3,0,54,13,42
0,5,0,3,1,-3,-26,61
0,5,0,3,2,-29,-20,60
0,5,1,0,0,21,5,-18
0,5,1,0,1,54,-34,-72
0,5,1,0,2,79,-57,-64
0,5,1,1,0,-71,39,48
0,5,1,1,1,-58,-92,7
0,5,1,1,2,57,-35,-24
0,5,1,2,0,-21,-10,-80
0,5,1,2,1,3,62,-23
0,5,1,2,2,27,75,71
0,5,1,3,0,-48,-38,40
0,5,1,3,1,90,46,90
0,5,1,3,2,-66,40,47
0,5,2,0,0,-100,17,-14
0,5,2,0,1,65,12,-54
0,5,2,0,2,-50,30,44
0,5,2,1,0,12,60,98
0,5,2,1,1,-1,13,42
0,5,2,1,2,-3,-44,-75
0,5,2,2,0,-42,-92,80
0,5,2,2,1,-40,-43,5
0,5,2,2,2,51,-36,60
0,5,2,3,0,-34,-68,25
0,5,2,3,1,37,87,74
0,5,2,3,2,32,50,-45
0,5,3,0,0,-61,31,2
0,5,3,0,1,84,26,53
0,5,3,0,2,-27,8,-67
0,5,3,1,0,9,70,75
0,5,3,1,1,-93,-77,-71
0,5,3,1,2,80,24,-29
0,5,3,2,0,3,21,16
0,5,3,2,1,21,-52,-9
0,5,3,2,2,-15,94,-45
0,5,3,3,0,-29,-76,97
0,5,3,3,1,-87,-87,85
0,5,3,3,2,77,-63,23
1,0,0,0,0,21,-72,70
1,0,0,0,1,27,-38,24
1,0,0,0,2,-36,-25,-27
1,0,0,1,0,-6,-1,49
1,0,0,1,1,90,-7,4
1,0,0,1,2,29,-87,-54
1,0,0,2,0,-69,60,-74
1,0,0,2,1,-87,-16,98
1,0,0,2,2,35,65,-55
1,0,0,3,0,30,-47,-9
1,0,0,3,1,73,91,75
1,0,0,3,2,17,65,34
1,0,1,0,0,55,-99,55
1,0,1,0,1,9,-25,-51
1,0,1,0,2,88,-71,80
1,0,1,1,0,-33,-39,80
1,0,1,1,1,33,-81,6
1,0,1,1,2,-24,94,93
1,0,1,2,0,-73,-54,1
1,0,1,2,1,70,99,-27
1,0,1,2,2,3,-7,-37
1,0,1,3,0,-24,23,59
1,0,1,3,1,-6,14,41
1,0,1,3,2,10,65,22
1,0,2,0,0,-29,-4,-49
1,0,2,0,1,-39,-19,-44
1,0,2,0,2,-63,-89,-7
1,0,2,1,0,-12,-55,-56
1,0,2,1,1,-11,5,-41
1,0,2,1,2,-69,25,-5
1,0,2,2,0,-57,54,85
1,0,2,2,1,82,78,-75
1,0,2,2,2,-4,-48,63
1,0,2,3,0,-83,-48,38
1,0,2,3,1,-63,26,-4
1,0,2,3,2,-91,-90,17
1,0,3,0,0,48,-72,-82
1,0,3,0,1,68,-26,100
1,0,3,0,2,21,92,14
1,0,3,1,0,-16,1,-45
1,0,3,1,1,55,63,-29
1,0,3,1,2,18,26,53
1,0,3,2,0,62,-20,29
1,0,3,2,1,-6,-3,85
1,0,3,2,2,68,-71,-8
1,0,3,3,0,29,-91,100
1,0,3,3,1,88,-76,-60
1,0,3,3,2,-52,19,15
1,1,0,0,0,-29,5,-69
1,1,0,0,1,51,14,-2
1,1,0,0,2,-9,66,-82
1,1,0,1,0,74,41,16
1,1,0,1,1,55,-20,7
1,1,0,1,2,42,49,53
1,1,0,2,0,12,-92,16
1,1,0,2,1,-90,2,-83
1,1,0,2,2,-87,-15,-41
1,1,0,3,0,56,54,-93
1,1,0,3,1,-84,7,10
1,1,0,3,2,42,-47,-30
1,1,1,0,0,-2,42,12
1,1,1,0,1,84,8,68
1,1,1,0,2,39,58,-42
1,1,1,1,0,-19,-81,59
1,1,1,1,1,-73,-61,22
1,1,1,1,2,-64,-82,-16
1,1,1,2,0,73,-68,66
1,1,1,2,1,-21,45,11
1,1,1,2,2,-100,-4,90
1,1,1,3,0,-40,33,67
1,1,1,3,1,78,35,-45
1,1,1,3,2,-54,77,-30
1,1,2,0,0,70,-21,-49
1,1,2,0,1,-88,29,-44
1,1,2,0,2,-41,-74,-17
1,1,2,1,0,23,74,71
1,1,2,1,1,-52,-61,-80
1,1,2,1,2,46,-44,62
1,1,2,2,0,51,-20,-100
1,1,2,2,1,3,6,91
1,1,2,2,2,90,53,36
1,1,2,3,0,45,-84,-19
1,1,2,3,1,15,54,53
1,1,2,3,2,49,-51,-29
1,1,3,0,0,-70,-97,-96
1,1,3,0,1,-59,27,78
1,1,3,0,2,67,19,-18
1,1,3,1,0,-28,84,77
1,1,3,1,1,16,50,75
1,1,3,1,2,22,1,-75
1,1,3,2,0,18,-49,-24
1,1,3,2,1,0,-12,-92
1,1,3,2,2,76,-33,-32
1,1,3,3,0,99,-99,-10
1,1,3,3,1,-19,-76,51
1,1,3,3,2,-31,49,-33
1,2,0,0,0,14,-38,58
1,2,0,0,1,92,74,26
1,2,0,0,2,30,-49,53
1,2,0,1,0,10,-63,-85
1,2,0,1,1,66,-77,-79
1,2,0,1,2,76,24,18
1,2,0,2,0,-35,58,30
1,2,0,2,1,2,86,98
1,2,0,2,2,-99,-32,37
1,2,0,3,0,87,-66,74
1,2,0,3,1,-5,-71,30
1,2,0,3,2,-40,80,28
1,2,1,0,0,-82,66,33
1,2,1,0,1,38,-19,4
1,2,1,0,2,-10,85,49
1,2,1,1,0,88,-79,31
1,2,1,1,1,-28,-61,50
1,2,1,1,2,-93,-21,-47
1,2,1,2,0,37,-49,-97
1,2,1,2,1,-7,80,-69
1,2,1,2,2,-98,63,80
1,2,1,3,0,-76,72,37
1,2,1,3,1,-50,-53,33
1,2,1,3,2,34,29,-83
1,2,2,0,0,-76,29,-19
1,2,2,0,1,-87,34,-51
1,2,2,0,2,-48,89,-66
1,2,2,1,0,-94,75,45
1,2,2,1,1,-83,-21,-25
1,2,2,1,2,22,-95,21
1,2,2,2,0,3,44,54
1,2,2,2,1,56,-99,-39
1,2,2,2,2,-60,-9,-20
1,2,2,3,0,-66,-19,16
1,2,2,3,1,47,73,49
1,2,2,3,2,-54,-36,-78
1,2,3,0,0,-43,-86,-97
1,2,3,0,1,-71,-76,-5
1,2,3,0,2,2,-93,42
1,2,3,1,0,-25,100,50
1,2,3,1,1,-97,58,73
1,2,3,1,2,-4,31,51
1,2,3,2,0,56,-97,42
1,2,3,2,1,-50,-72,89
1,2,3,2,2,-51,63,71
1,2,3,3,0,-95,-18,81
1,2,3,3,1,-86,87,91
1,2,3,3,2,6,68,61
1,3,0,0,0,-57,-22,-62
1,3,0,0,1,-46,-12,79
1,3,0,0,2,72,-42,25
1,3,0,1,0,-35,54,-86
1,3,0,1,1,-18,49,96
1,3,0,1,2,76,1,-69
1,3,0,2,0,-69,67,-51
1,3,0,2,1,87,10,73
1,3,0,2,2,-66,-88,-59
1,3,0,3,0,66,-75,35
1,3,0,3,1,-18,24,-65
1,3,0,3,2,19,19,5
1,3,1,0,0,-93,42,74
1,3,1,0,1,-52,57,-98
1,3,1,0,2,88,23,-23
1,3,1,1,0,92,91,-72
1,3,1,1,1,43,-15,-76
1,3,1,1,2,31,68,21
1,3,1,2,0,63,50,1
1,3,1,2,1,18,3,-51
1,3,1,2,2,-56,-51,-79
1,3,1,3,0,85,64,62
1,3,1,3,1,75,-32,-1
1,3,1,3,2,19,92,-67
1,3,2,0,0,-30,-16,-7
1,3,2,0,1,28,78,-92
1,3,2,0,2,47,-52,-93
1,3,2,1,0,-78,37,-11
1,3,2,1,1,65,48,82
1,3,2,1,2,98,-44,-20
1,3,2,2,0,-38,61,-4
1,3,2,2,1,26,-89,98
1,3,2,2,2,97,-63,27
1,3,2,3,0,-38,-37,-98
1,3,2,3,1,-29,-65,-69
1,3,2,3,2,-25,-57,-69
1,3,3,0,0,65,50,61
1,3,3,0,1,-84,-14,40
1,3,3,0,2,5,-79,-20
1,3,3,1,0,-45,44,73
1,3,3,1,1,5,90,47
1,3,3,1,2,-44,-15,3
1,3,3,2,0,-39,-81,2
1,3,3,2,1,56,-54,-61
1,3,3,2,2,-97,-66,75
1,3,3,3,0,12,-19,70
1,3,3,3,1,53,-79,-1
1,3,3,3,2,-2,-100,29
1,4,0,0,0,8,67,-6
1,4,0,0,1,71,-87,-48
1,4,0,0,2,-84,-62,96
1,4,0,1,0,-42,8,56
1,4,0,1,1,-36,-58,1
1,4,0,1,2,98,-2,100
1,4,0,2,0,-67,-41,-24
1,4,0,2,1,-71,59,30
1,4,0,2,2,-7,-81,-9
1,4,0,3,0,65,11,66
1,4,0,3,1,-100,-44,-10
1,4,0,3,2,-49,-52,59
1,4,1,0,0,-4,-97,38
1,4,1,0,1,-90,52,-74
1,4,1,0,2,-88,33,-63
1,4,1,1,0,-2,7,2
1,4,1,1,1,14,-62,-100
1,4,1,1,2,32,61,-85
1,4,1,2,0,-95,-66,46
1,4,1,2,1,-13,100,57
1,4,1,2,2,0,53,52
1,4,1,3,0,-65,16,-71
1,4,1,3,1,-69,-51,88
1,4,1,3,2,48,13,15
1,4,2,0,0,-35,-18,-34
1,4,2,0,1,33,3,19
1,4,2,0,2,38,-37,11
1,4,2,1,0,-13,61,57
1,4,2,1,1,38,38,61
1,4,2,1,2,-44,-81,-83
1,4,2,2,0,-100,22,-64
1,4,2,2,1,-46,45,49
1,4,2,2,2,-30,90,85
1,4,2,3,0,97,-1,-42
1,4,2,3,1,92,15,65
1,4,2,3,2,-24,10,72
1,4,3,0,0,-79,32,20
1,4,3,0,1,-95,-33,-24
1,4,3,0,2,-12,96,73
1,4,3,1,0,-91,-42,90
1,4,3,1,1,17,-17,-20
1,4,3,1,2,-75,93,-53
1,4,3,2,0,-77,-31,-100
1,4,3,2,1,27,-71,10
1,4,3,2,2,-22,85,69
1,4,3,3,0,-95,-71,97
1,4,3,3,1,-98,-93,86
1,4,3,3,2,-1,86,-32
1,5,0,0,0,56,3,94
1,5,0,0,1,37,36,-3
1,5,0,0,2,-28,14,42
1,5,0,1,0,95,-53,80
1,5,0,1,1,33,19,-31
1,5,0,1,2,-94,-89,83
1,5,0,2,0,34,92,-5
1,5,0,2,1,16,23,-46
1,5,0,2,2,20,7,-16
1,5,0,3,0,74,48,-44
1,5,0,3,1,59,24,-6
1,5,0,3,2,30,-55,66
1,5,1,0,0,-53,-28,-83
1,5,1,0,1,1,-76,57
1,5,1,0,2,71,21,-16
1,5,1,1,0,-80,85,-59
1,5,1,1,1,-64,65,-15
1,5,1,1,2,64,-79,-63
1,5,1,2,0,-15,-61,-19
1,5,1,2,1,50,-15,26
1,5,1,2,2,-73,-46,-15
1,5,1,3,0,59,-63,95
1,5,1,3,1,-4,-22,-70
1,5,1,3,2,23,-7,-28
1,5,2,0,0,76,78,58
1,5,2,0,1,-33,-55,98
1,5,2,0,2,20,-81,-88
1,5,2,1,0,-34,75,77
1,5,2,1,1,68,-57,29
1,5,2,1,2,90,48,-6
1,5,2,2,0,-1,-100,-60
1,5,2,2,1,6,59,1
1,5,2,2,2,8,-11,-96
1,5,2,3,0,-90,17,63
1,5,2,3,1,49,59,70
1,5,2,3,2,89,55,47
1,5,3,0,0,78,21,92
1,5,3,0,1,-9,57,-67
1,5,3,0,2,88,-16,57
1,5,3,1,0,-10,-22,-6
1,5,3,1,1,21,-75,-47
1,5,3,1,2,73,16,26
1,5,3,2,0,63,46,57
1,5,3,2,1,18,73,57
1,5,3,2,2,78,34,-40
1,5,3,3,0,6,-91,-6
1,5,3,3,1,-83,94,93
1,5,3,3,2,-80,-1,7
2,0,0,0,0,-81,-27,-58
2,0,0,0,1,-62,26,40
2,0,0,0,2,66,-7,84
2,0,0,1,0,-22,57,42
2,0,0,1,1,-99,33,88
2,0,0,1,2,17,-80,-74
2,0,0,2,0,-57,97,73
2,0,0,2,1,4,59,-29
2,0,0,2,2,21,49,59
2,0,0,3,0,47,-68,-99
2,0,0,3,1,-39,28,-12
2,0,0,3,2,1,67,2
2,0,1,0,0,-49,31,-16
2,0,1,0,1,-17,-21,-33
2,0,1,0,2,-94,1,-99
2,0,1,1,0,-53,-56,-64
2,0,1,1,1,71,-56,-54
2,0,1,1,2,-57,71,-47
2,0,1,2,0,-83,35,71
2,0,1,2,1,67,23,-49
2,0,1,2,2,-42,27,-19
2,0,1,3,0,-88,70,-26
2,0,1,3,1,9,-44,-61
2,0,1,3,2,-64,-86,14
2,0,2,0,0,-17,-38,-86
2,0,2,0,1,63,-29,-13
2,0,2,0,2,97,-75,-83
2,0,2,1,0,4,69,98
2,0,2,1,1,65,-21,-10
2,0,2,1,2,50,64,58
2,0,2,2,0,95,26,66
2,0,2,2,1,93,-74,14
2,0,2,2,2,-70,11,56
2,0,2,3,0,-65,12,-77
2,0,2,3,1,-72,-30,10
2,0,2,3,2,18,-50,-44
2,0,3,0,0,-68,-38,73
2,0,3,0,1,61,-11,29
2,0,3,0,2,33,-33,-23
2,0,3,1,0,-97,66,9
2,0,3,1,1,81,-24,-62
2,0,3,1,2,90,-100,23
2,0,3,2,0,-60,-35,16
2,0,3,2,1,63,98,54
2,0,3,2,2,10,91,6
2,0,3,3,0,9,71,-72
2,0,3,3,1,-25,-77,26
2,0,3,3,2,-32,-96,-83
2,1,0,0,0,-78,99,-9
2,1,0,0,1,-75,-97,-31
2,1,0,0,2,18,-21,3
2,1,0,1,0,-50,-46,73
2,1,0,1,1,-6,7,-6
2,1,0,1,2,-55,-40,17
2,1,0,2,0,75,90,-44
2,1,0,2,1,1,22,69
2,1,0,2,2,76,75,-24
2,1,0,3,0,59,-68,-60
2,1,0,3,1,-85,82,-65
2,1,0,3,2,28,7,65
2,1,1,0,0,-57,85,34
2,1,1,0,1,33,38,71
2,1,1,0,2,-73,89,67
2,1,1,1,0,-56,47,-92
2,1,1,1,1,-97,-100,-3
2,1,1,1,2,26,-5,72
2,1,1,2,0,54,9,35
2,1,1,2,1,63,53,71
2,1,1,2,2,-79,42,-17
2,1,1,3,0,-71,-57,-11
2,1,1,3,1,52,-7,23
2,1,1,3,2,-1,-66,12
2,1,2,0,0,-74,-70,96
2,1,2,0,1,-97,-48,43
2,1,2,0,2,25,91,-12
2,1,2,1,0,78,-67,-20
2,1,2,1,1,-48,1,-73
2,1,2,1,2,39,23,47
2,1,2,2,0,29,-73,22
2,1,2,2,1,-49,-60,-15
2,1,2,2,2,-22,-43,27
2,1,2,3,0,-3,15,31
2,1,2,3,1,-18,77,-89
2,1,2,3,2,-10,-50,10
2,1,3,0,0,90,-9,81
2,1,3,0,1,81,64,-56
2,1,3,0,2,21,94,-24
2,1,3,1,0,29,-81,96
2,1,3,1,1,-15,88,62
2,1,3,1,2,-38,-84,-29
2,1,3,2,0,99,3,25
2,1,3,2,1,99,-27,-36
2,1,3,2,2,58,-96,100
2,1,3,3,0,-24,-70,-22
2,1,3,3,1,45,-77,-54
2,1,3,3,2,11,-25,58
2,2,0,0,0,-81,-69,-74
2,2,0,0,1,18,40,-11
2,2,0,0,2,-66,-46,-22
2,2,0,1,0,7,31,-95
2,2,0,1,1,87,72,76
2,2,0,1,2,-61,-80,37
2,2,0,2,0,-79,-29,84
2,2,0,2,1,22,40,-83
2,2,0,2,2,59,-84,74
2,2,0,3,0,-42,-84,-14
2,2,0,3,1,-35,93,-35
2,2,0,3,2,-97,-52,86
2,2,1,0,0,14,97,71
2,2,1,0,1,82,-4,-67
2,2,1,0,2,-12,49,-39
2,2,1,1,0,4,-74,24
2,2,1,1,1,-20,-63,-34
2,2,1,1,2,-45,10,63
2,2,1,2,0,12,62,89
2,2,1,2,1,96,58,89
2,2,1,2,2,22,-80,62
2,2,1,3,0,-42,-7,-6
2,2,1,3,1,-29,-10,-85
2,2,1,3,2,-74,26,38
2,2,2,0,0,63,12,23
2,2,2,0,1,4,-63,77
2,2,2,0,2,97,-72,17
2,2,2,1,0,-71,5,-73
2,2,2,1,1,51,-94,-61
2,2,2,1,2,-40,-20,38
2,2,2,2,0,-24,-18,33
2,2,2,2,1,-17,-65,-89
2,2,2,2,2,75,64,44
2,2,2,3,0,-92,50,-89
2,2,2,3,1,80,40,-9
2,2,2,3,2,47,90,23
2,2,3,0,0,-94,-66,-13
2,2,3,0,1,-51,-64,18
2,2,3,0,2,89,-18,79
2,2,3,1,0,-56,89,-18
2,2,3,1,1,-57,32,-41
2,2,3,1,2,11,2,51
2,2,3,2,0,68,-80,41
2,2,3,2,1,-83,66,7
2,2,3,2,2,84,-94,12
2,2,3,3,0,68,-34,-100
2,2,3,3,1,79,-65,28
2,2,3,3,2,93,-71,86
2,3,0,0,0,-20,29,77
2,3,0,0,1,22,2,-45
2,3,0,0,2,17,-32,-94
2,3,0,1,0,-75,5,79
2,3,0,1,1,14,2,3
2,3,0,1,2,8,-76,-53
2,3,0,2,0,56,-15,83
2,3,0,2,1,-26,-82,22
2,3,0,2,2,-48,38,-46
2,3,0,3,0,23,-31,87
2,3,0,3,1,82,-72,-40
2,3,0,3,2,55,-47,-76
2,3,1,0,0,47,-87,5
2,3,1,0,1,44,35,-99
2,3,1,0,2,52,52,13
2,3,1,1,0,-79,3,24
2,3,1,1,1,53,70,-52
2,3,1,1,2,59,48,59
2,3,1,2,0,-58,31,22
2,3,1,2,1,-79,8,-84
2,3,1,2,2,95,-24,-54
2,3,1,3,0,40,-42,8
2,3,1,3,1,0,4,7
2,3,1,3,2,-24,-6,6
2,3,2,0,0,26,-58,-29
2,3,2,0,1,-47,-80,-20
2,3,2,0,2,0,83,-35
2,3,2,1,0,-76,-66,-97
2,3,2,1,1,-32,-76,85
2,3,2,1,2,92,83,-38
2,3,2,2,0,2,-8,-47
2,3,2,2,1,-33,55,-73
2,3,2,2,2,-70,-53,9
2,3,2,3,0,-67,32,-34
2,3,2,3,1,-34,59,-7
2,3,2,3,2,-49,-66,86
2,3,3,0,0,-73,87,-9
2,3,3,0,1,-52,-16,-70
2,3,3,0,2,-89,2,8
2,3,3,1,0,88,-62,98
2,3,3,1,1,-48,84,-1
2,3,3,1,2,38,53,-80
2,3,3,2,0,14,-55,-81
2,3,3,2,1,64,88,38
2,3,3,2,2,-54,-47,-76
2,3,3,3,0,86,55,21
2,3,3,3,1,48,-95,-14
2,3,3,3,2,41,7,-40
2,4,0,0,0,-81,-87,-74
2,4,0,0,1,-30,-43,4
2,4,0,0,2,-32,-69,-89
2,4,0,1,0,56,-66,-9
2,4,0,1,1,30,65,75
2,4,0,1,2,85,59,56
2,4,0,2,0,42,80,39
2,4,0,2,1,-98,21,-84
2,4,0,2,2,-80,-86,94
2,4,0,3,0,21,-23,67
2,4,0,3,1,56,-2,60
2,4,0,3,2,28,-80,-67
2,4,1,0,0,75,32,-65
2,4,1,0,1,73,-38,83
2,4,1,0,2,10,31,-83
2,4,1,1,0,89,-64,13
2,4,1,1,1,30,-44,28
2,4,1,1,2,79,91,12
2,4,1,2,0,-91,29,-51
2,4,1,2,1,83,18,9
2,4,1,2,2,-94,65,45
2,4,1,3,0,10,-54,23
2,4,1,3,1,15,98,34
2,4,1,3,2,-51,-98,71
2,4,2,0,0,8,-8,-29
2,4,2,0,1,-19,96,-74
2,4,2,0,2,64,23,-34
2,4,2,1,0,40,57,62
2,4,2,1,1,27,-93,-28
2,4,2,1,2,62,34,26
2,4,2,2,0,-2,-10,-20
2,4,2,2,1,-83,50,-83
2,4,2,2,2,86,55,-31
2,4,2,3,0,26,-41,-36
2,4,2,3,1,16,-83,87
2,4,2,3,2,-29,92,-97
2,4,3,0,0,11,-94,-59
2,4,3,0,1,-5,74,-26
2,4,3,0,2,-13,-6,52
2,4,3,1,0,-45,-45,99
2,4,3,1,1,-10,-65,-71
2,4,3,1,2,88,-98,5
2,4,3,2,0,33,59,-17
2,4,3,2,1,97,43,-53
2,4,3,2,2,-81,-87,-63
2,4,3,3,0,95,-32,-74
2,4,3,3,1,-100,-57,-84
2,4,3,3,2,-19,60,22
2,5,0,0,0,-3,-67,-58
2,5,0,0,1,62,54,-81
2,5,0,0,2,-44,-45,67
2,5,0,1,0,-54,33,-86
2,5,0,1,1,100,-69,-4
2,5,0,1,2,19,76,-97
2,5,0,2,0,-88,-71,67
2,5,0,2,1,18,47,-50
2,5,0,2,2,24,95,32
2,5,0,3,0,-54,97,-65
2,5,0,3,1,-91,62,-58
2,5,0,3,2,-64,-75,-92
2,5,1,0,0,-20,54,94
2,5,1,0,1,35,-35,-13
2,5,1,0,2,71,79,-82
2,5,1,1,0,-79,9,-5
2,5,1,1,1,63,62,7
2,5,1,1,2,-9,13,-54
2,5,1,2,0,-11,-98,65
2,5,1,2,1,88,-56,-14
2,5,1,2,2,29,37,5
2,5,1,3,0,-62,48,-5
2,5,1,3,1,-22,-22,34
2,5,1,3,2,-7,-99,56
2,5,2,0,0,44,-69,64
2,5,2,0,1,18,-54,-48
2,5,2,0,2,36,-66,76
2,5,2,1,0,76,-5,-60
2,5,2,1,1,-55,89,89
2,5,2,1,2,9,-84,31
2,5,2,2,0,-49,-41,20
2,5,2,2,1,-76,78,75
2,5,2,2,2,-60,71,38
2,5,2,3,0,-20,25,80
2,5,2,3,1,-40,-49,-67
2,5,2,3,2,40,-59,50
2,5,3,0,0,40,-45,-25
2,5,3,0,1,-95,45,-85
2,5,3,0,2,29,-68,-38
2,5,3,1,0,-95,-86,67
2,5,3,1,1,71,60,9
2,5,3,1,2,-50,48,21
2,5,3,2,0,-25,95,23
2,5,3,2,1,-1,-96,-80
2,5,3,2,2,-65,65,63
2,5,3,3,0,-53,36,50
2,5,3,3,1,72,12,15
2,5,3,3,2,54,-40,-42
3,0,0,0,0,54,-44,-96
3,0,0,0,1,91,93,26
3,0,0,0,2,-56,-5,34
3,0,0,1,0,-85,-4,86
3,0,0,1,1,26,-35,5
3,0,0,1,2,-13,-9,-52
3,0,0,2,0,-29,-92,73
3,0,0,2,1,25,-30,64
3,0,0,2,2,75,-32,98
3,0,0,3,0,-80,-80,-83
3,0,0,3,1,-5,81,-32
3,0,0,3,2,-64,-79,55
3,0,1,0,0,100,91,64
3,0,1,0,1,26,-6,-54
3,0,1,0,2,-96,-20,-20
3,0,1,1,0,99,100,54
3,0,1,1,1,-7,-72,43
3,0,1,1,2,-22,74,-59
3,0,1,2,0,-49,-48,52
3,0,1,2,1,-58,-69,-46
3,0,1,2,2,84,79,-35
3,0,1,3,0,-30,-49,-48
3,0,1,3,1,27,17,-72
3,0,1,3,2,60,8,52
3,0,2,0,0,-16,-52,-56
3,0,2,0,1,8,55,28
3,0,2,0,2,71,-93,-45
3,0,2,1,0,60,95,-8
3,0,2,1,1,78,-45,-18
3,0,2,1,2,-65,-73,87
3,0,2,2,0,0,27,-43
3,0,2,2,1,-98,-92,-34
3,0,2,2,2,-54,-78,65
3,0,2,3,0,31,-34,-86
3,0,2,3,1,18,-67,-82
3,0,2,3,2,-2,81,-82
3,0,3,0,0,100,-2,-79
3,0,3,0,1,1,55,-94
3,0,3,0,2,-29,20,100
3,0,3,1,0,30,-33,15
3,0,3,1,1,45,13,3
3,0,3,1,2,17,20,-34
3,0,3,2,0,48,-4,73
3,0,3,2,1,-97,35,40
3,0,3,2,2,49,-34,94
3,0,3,3,0,-1,37,-71
3,0,3,3,1,32,-84,-52
3,0,3,3,2,-94,22,70
3,1,0,0,0,-34,-84,-75
3,1,0,0,1,-61,-77,39
3,1,0,0,2,44,56,-94
3,1,0,1,0,-54,-2,-18
3,1,0,1,1,30,-80,-86
3,1,0,1,2,-78,63,60
3,1,0,2,0,-40,-11,86
3,1,0,2,1,-69,-76,56
3,1,0,2,2,-21,-96,12
3,1,0,3,0,-49,-72,-92
3,1,0,3,1,4,88,-53
3,1,0,3,2,-48,-75,-26
3,1,1,0,0,-57,58,1
3,1,1,0,1,-18,-14,-27
3,1,1,0,2,-47,34,-15
3,1,1,1,0,79,-41,44
3,1,1,1,1,2,5,-5
3,1,1,1,2,11,99,-44
3,1,1,2,0,-84,97,-75
3,1,1,2,1,-98,16,-45
3,1,1,2,2,73,-49,-83
3,1,1,3,0,-59,-55,53
3,1,1,3,1,-45,30,-15
3,1,1,3,2,2,-62,56
3,1,2,0,0,65,23,5
3,1,2,0,1,-3,-22,83
3,1,2,0,2,-40,64,-4
3,1,2,1,0,-92,74,76
3,1,2,1,1,-24,61,-80
3,1,2,1,2,15,-37,11
3,1,2,2,0,-25,-59,-60
3,1,2,2,1,45,-53,34
3,1,2,2,2,-26,-2,1
3,1,2,3,0,-22,13,-80
3,1,2,3,1,74,88,51
3,1,2,3,2,-79,-21,-39
3,1,3,0,0,-36,-12,-82
3,1,3,0,1,-4,95,81
3,1,3,0,2,-59,-3,-13
3,1,3,1,0,2,-91,93
3,1,3,1,1,23,84,60
3,1,3,1,2,-92,-78,40
3,1,3,2,0,13,39,78
3,1,3,2,1,68,-92,82
3,1,3,2,2,15,-97,-43
3,1,3,3,0,-84,89,-20
3,1,3,3,1,11,17,39
3,1,3,3,2,75,98,75
3,2,0,0,0,-2,6,16
3,2,0,0,1,-54,-63,-7
3,2,0,0,2,47,12,24
3,2,0,1,0,73,39,-30
3,2,0,1,1,-6,23,-41
3,2,0,1,2,4,94,-55
3,2,0,2,0,-88,-92,-36
3,2,0,2,1,16,22,100
3,2,0,2,2,-45,-87,-79
3,2,0,3,0,11,-97,-100
3,2,0,3,1,-19,37,-74
3,2,0,3,2,-19,33,-14
3,2,1,0,0,36,-28,-39
3,2,1,0,1,12,-43,78
3,2,1,0,2,-6,-69,-72
3,2,1,1,0,8,35,-12
3,2,1,1,1,-99,-22,-2
3,2,1,1,2,13,94,-4
3,2,1,2,0,-14,100,32
3,2,1,2,1,-69,48,22
3,2,1,2,2,92,72,-16
3,2,1,3,0,-99,17,-97
3,2,1,3,1,92,53,22
3,2,1,3,2,49,-19,18
3,2,2,0,0,90,62,-8
3,2,2,0,1,-38,75,7
3,2,2,0,2,-92,9,100
3,2,2,1,0,89,92,83
3,2,2,1,1,-7,1,62
3,2,2,1,2,-55,-59,46
3,2,2,2,0,17,-27,27
3,2,2,2,1,-68,-67,7
3,2,2,2,2,8,13,69
3,2,2,3,0,66,69,-56
3,2,2,3,1,69,-26,-43
3,2,2,3,2,-60,-9,-52
3,2,3,0,0,-72,-58,74
3,2,3,0,1,21,0,25
3,2,3,0,2,51,-70,-36
3,2,3,1,0,91,78,-60
3,2,3,1,1,-61,-20,-42
3,2,3,1,2,-62,-57,17
3,2,3,2,0,51,84,-13
3,2,3,2,1,7,100,83
3,2,3,2,2,18,-55,-44
3,2,3,3,0,38,-39,30
3,2,3,3,1,96,-76,-64
3,2,3,3,2,-79,-93,-31
3,3,0,0,0,86,-80,-2
3,3,0,0,1,4,-86,58
3,3,0,0,2,4,-73,-94
3,3,0,1,0,-56,-69,-11
3,3,0,1,1,15,-10,-42
3,3,0,1,2,19,-20,94
3,3,0,2,0,-77,3,-60
3,3,0,2,1,1,75,5
3,3,0,2,2,88,-38,91
3,3,0,3,0,-8,-90,73
3,3,0,3,1,75,53,-77
3,3,0,3,2,-73,-3,30
3,3,1,0,0,17,-60,-10
3,3,1,0,1,73,65,73
3,3,1,0,2,14,-48,-6
3,3,1,1,0,-46,-2,79
3,3,1,1,1,-71,33,-44
3,3,1,1,2,-53,30,68
3,3,1,2,0,-33,-7,93
3,3,1,2,1,91,-75,57
3,3,1,2,2,-38,12,-49
3,3,1,3,0,0,-67,39
3,3,1,3,1,54,-82,87
3,3,1,3,2,51,76,87
3,3,2,0,0,-14,7,79
3,3,2,0,1,50,55,51
3,3,2,0,2,44,60,-25
3,3,2,1,0,-83,-30,-95
3,3,2,1,1,52,1,5
3,3,2,1,2,-36,75,3
3,3,2,2,0,30,-64,44
3,3,2,2,1,69,91,67
3,3,2,2,2,-20,-26,-73
3,3,2,3,0,36,83,-18
3,3,2,3,1,52,-75,72
3,3,2,3,2,-40,-32,-91
3,3,3,0,0,90,-36,77
3,3,3,0,1,29,84,-30
3,3,3,0,2,85,-95,-57
3,3,3,1,0,-16,61,-4
3,3,3,1,1,63,87,-7
3,3,3,1,2,-75,-27,40
3,3,3,2,0,-40,-99,-80
3,3,3,2,1,66,44,91
3,3,3,2,2,48,-33,-65
3,3,3,3,0,-4,-77,100
3,3,3,3,1,-26,-52,-56
3,3,3,3,2,84,88,100
3,4,0,0,0,-6,-83,-33
3,4,0,0,1,59,60,-62
3,4,0,0,2,21,43,52
3,4,0,1,0,34,-41,23
3,4,0,1,1,67,7,-96
3,4,0,1,2,99,4,82
3,4,0,2,0,82,20,-54
3,4,0,2,1,35,31,-72
3,4,0,2,2,-30,-70,22
3,4,0,3,0,26,-38,56
3,4,0,3,1,-5,86,-46
3,4,0,3,2,77,-49,77
3,4,1,0,0,96,56,-60
3,4,1,0,1,94,-4,-58
3,4,1,0,2,71,-63,27
3,4,1,1,0,94,90,26
3,4,1,1,1,60,40,90
3,4,1,1,2,-18,-97,22
3,4,1,2,0,43,65,-34
3,4,1,2,1,-53,-85,-69
3,4,1,2,2,37,24,-40
3,4,1,3,0,42,-71,-93
3,4,1,3,1,65,-47,-63
3,4,1,3,2,90,43,-60
3,4,2,0,0,9,44,-24
3,4,2,0,1,46,-69,-6
3,4,2,0,2,-6,88,50
3,4,2,1,0,-12,-92,60
3,4,2,1,1,73,-3,79
3,4,2,1,2,-14,-73,16
3,4,2,2,0,-59,-59,-42
3,4,2,2,1,-23,-13,-35
3,4,2,2,2,-18,34,-39
3,4,2,3,0,44,-84,68
3,4,2,3,1,98,34,21
3,4,2,3,2,75,79,-98
3,4,3,0,0,77,80,-28
3,4,3,0,1,-82,30,-61
3,4,3,0,2,23,-46,-76
3,4,3,1,0,37,24,-43
3,4,3,1,1,27,-48,20
3,4,3,1,2,82,-66,-30
3,4,3,2,0,16,67,-15
3,4,3,2,1,54,-5,20
3,4,3,2,2,22,-67,-19
3,4,3,3,0,67,-60,-71
3,4,3,3,1,-71,-78,-46
3,4,3,3,2,-17,100,-11
3,5,0,0,0,-100,35,38
3,5,0,0,1,-20,-57,32
3,5,0,0,2,83,74,66
3,5,0,1,0,35,57,-92
3,5,0,1,1,-36,-87,-38
3,5,0,1,2,-21,36,-56
3,5,0,2,0,-18,35,-49
3,5,0,2,1,24,-34,32
3,5,0,2,2,40,-10,-98
3,5,0,3,0,-73,40,-25
3,5,0,3,1,-83,51,30
3,5,0,3,2,31,-62,-75
3,5,1,0,0,-32,26,-58
3,5,1,0,1,73,0,37
3,5,1,0,2,-69,-38,-91
3,5,1,1,0,23,38,-53
3,5,1,1,1,-94,0,-8
3,5,1,1,2,-89,-93,79
3,5,1,2,0,39,14,11
3,5,1,2,1,-77,-17,-29
3,5,1,2,2,-74,17,2
3,5,1,3,0,87,-93,11
3,5,1,3,1,58,-25,-35
3,5,1,3,2,54,76,68
3,5,2,0,0,-24,-84,85
3,5,2,0,1,-55,-72,43
3,5,2,0,2,-27,-87,-92
3,5,2,1,0,-17,-10,1
3,5,2,1,1,22,52,-23
3,5,2,1,2,58,35,83
3,5,2,2,0,40,53,21
3,5,2,2,1,-12,48,-40
3,5,2,2,2,-10,90,-65
3,5,2,3,0,-42,-34,-59
3,5,2,3,1,20,3,-73
3,5,2,3,2,73,16,-43
3,5,3,0,0,-3,-58,-72
3,5,3,0,1,-73,-21,11
3,5,3,0,2,-16,-76,88
3,5,3,1,0,-40,-11,16
3,5,3,1,1,-96,4,1
3,5,3,1,2,-56,-64,-35
3,5,3,2,0,32,17,54
3,5,3,2,1,-62,42,81
3,5,3,2,2,-52,-92,38
3,5,3,3,0,-87,-19,98
3,5,3,3,1,-27,70,-56
3,5,3,3,2,73,42,57
4,0,0,0,0,-17,81,-7
4,0,0,0,1,31,86,33
4,0,0,0,2,-45,13,-3
4,0,0,1,0,97,66,4
4,0,0,1,1,-86,91,46
4,0,0,1,2,14,81,-46
4,0,0,2,0,-11,-58,-40
4,0,0,2,1,-50,98,93
4,0,0,2,2,-25,-57,52
4,0,0,3,0,-6,-53,8
4,0,0,3,1,-42,94,-97
4,0,0,3,2,-93,52,59
4,0,1,0,0,40,-85,29
4,0,1,0,1,-8,26,-38
4,0,1,0,2,-54,33,47
4,0,1,1,0,-96,-90,16
4,0,1,1,1,-84,5,-15
4,0,1,1,2,79,9,-53
4,0,1,2,0,0,-21,37
4,0,1,2,1,-46,37,59
4,0,1,2,2,-12,40,24
4,0,1,3,0,-81,-23,-94
4,0,1,3,1,-26,68,84
4,0,1,3,2,66,-57,96
4,0,2,0,0,33,37,10
4,0,2,0,1,52,-24,49
4,0,2,0,2,26,67,-56
4,0,2,1,0,35,-44,19
4,0,2,1,1,18,39,-53
4,0,2,1,2,69,-45,22
4,0,2,2,0,82,55,-22
4,0,2,2,1,87,68,-87
4,0,2,2,2,64,-99,20
4,0,2,3,0,-45,-96,-56
4,0,2,3,1,98,79,-30
4,0,2,3,2,81,-1,-58
4,0,3,0,0,-82,-57,60
4,0,3,0,1,-98,-64,-88
4,0,3,0,2,-69,-41,4
4,0,3,1,0,77,78,-37
4,0,3,1,1,96,45,81
4,0,3,1,2,-26,48,20
4,0,3,2,0,-11,-22,-72
4,0,3,2,1,-99,-55,-78
4,0,3,2,2,-79,-4,16
4,0,3,3,0,22,47,-37
4,0,3,3,1,35,79,-54
4,0,3,3,2,85,65,-25
4,1,0,0,0,65,-52,43
4,1,0,0,1,-86,-84,60
4,1,0,0,2,-35,-87,76
4,1,0,1,0,23,20,-48
4,1,0,1,1,-20,22,47
4,1,0,1,2,-58,-87,-15
4,1,0,2,0,21,97,39
4,1,0,2,1,86,5,47
4,1,0,2,2,-25,-60,95
4,1,0,3,0,1,97,-10
4,1,0,3,1,69,-85,-52
4,1,0,3,2,-15,64,1
4,1,1,0,0,-87,91,-43
4,1,1,0,1,58,-59,-22
4,1,1,0,2,13,-7,99
4,1,1,1,0,26,-70,-2
4,1,1,1,1,-66,-36,-63
4,1,1,1,2,-96,-29,-38
4,1,1,2,0,-13,30,56
4,1,1,2,1,-62,90,-39
4,1,1,2,2,67,-20,74
4,1,1,3,0,-42,-44,60
4,1,1,3,1,32,18,-31
4,1,1,3,2,89,-78,68
4,1,2,0,0,-56,-87,99
4,1,2,0,1,-13,-2,-8
4,1,2,0,2,-47,70,67
4,1,2,1,0,-89,-68,79
4,1,2,1,1,-53,16,20
4,1,2,1,2,-37,71,90
4,1,2,2,0,-75,-18,97
4,1,2,2,1,36,19,83
4,1,2,2,2,10,8,80
4,1,2,3,0,-92,47,-31
4,1,2,3,1,34,-63,-28
4,1,2,3,2,-74,6,61
4,1,3,0,0,45,66,58
4,1,3,0,1,68,54,-41
4,1,3,0,2,-76,69,-5
4,1,3,1,0,-71,-100,18
4,1,3,1,1,-50,-36,-65
4,1,3,1,2,76,72,56
4,1,3,2,0,-28,30,25
4,1,3,2,1,-25,12,82
4,1,3,2,2,-29,26,97
4,1,3,3,0,-13,-89,-77
4,1,3,3,1,-26,43,8
4,1,3,3,2,77,-73,94
4,2,0,0,0,14,-16,67
4,2,0,0,1,-56,-73,-98
4,2,0,0,2,61,4,-1
4,2,0,1,0,-91,-12,-95
4,2,0,1,1,37,92,-4
4,2,0,1,2,80,-47,-72
4,2,0,2,0,-36,5,98
4,2,0,2,1,-45,-69,-95
4,2,0,2,2,-71,-18,39
4,2,0,3,0,-94,-20,40
4,2,0,3,1,-21,-24,-46
4,2,0,3,2,-1,-56,40
4,2,1,0,0,19,44,-84
4,2,1,0,1,-24,67,-49
4,2,1,0,2,37,-76,27
4,2,1,1,0,39,-12,23
4,2,1,1,1,71,50,-3
4,2,1,1,2,-23,94,-95
4,2,1,2,0,-57,51,11
4,2,1,2,1,-16,-76,88
4,2,1,2,2,27,50,99
4,2,1,3,0,-76,-7,21
4,2,1,3,1,-29,62,-56
4,2,1,3,2,-11,-90,41
4,2,2,0,0,-12,-99,-92
4,2,2,0,1,64,28,-81
4,2,2,0,2,81,-62,-78
4,2,2,1,0,96,7,-18
4,2,2,1,1,-14,-26,-78
4,2,2,1,2,86,-47,-33
4,2,2,2,0,-34,80,77
4,2,2,2,1,8,95,62
4,2,2,2,2,-35,1,99
4,2,2,3,0,47,43,-91
4,2,2,3,1,36,-83,-18
4,2,2,3,2,1,-13,-75
4,2,3,0,0,-4,59,-66
4,2,3,0,1,20,52,40
4,2,3,0,2,-15,-58,80
4,2,3,1,0,6,-44,17
4,2,3,1,1,-54,40,-49
4,2,3,1,2,-20,-81,-70
4,2,3,2,0,69,-59,20
4,2,3,2,1,32,-93,-6
4,2,3,2,2,-55,-53,98
4,2,3,3,0,18,88,-60
4,2,3,3,1,-12,-15,-15
4,2,3,3,2,25,11,-65
4,3,0,0,0,-74,63,40
4,3,0,0,1,-48,-14,-42
4,3,0,0,2,-72,-67,-63
4,3,0,1,0,-72,-23,-69
4,3,0,1,1,-38,-53,0
4,3,0,1,2,67,-27,-22
4,3,0,2,0,64,-22,45
4,3,0,2,1,-15,89,11
4,3,0,2,2,-12,58,-56
4,3,0,3,0,-25,10,84
4,3,0,3,1,-96,-98,59
4,3,0,3,2,5,-53,78
4,3,1,0,0,43,-26,92
4,3,1,0,1,83,53,88
4,3,1,0,2,-32,6,19
4,3,1,1,0,3,-26,-86
4,3,1,1,1,-33,-74,55
4,3,1,1,2,59,46,-100
4,3,1,2,0,4,-43,-17
4,3,1,2,1,-46,54,-6
4,3,1,2,2,-34,-51,-5
4,3,1,3,0,76,-85,43
4,3,1,3,1,-58,-4,-38
4,3,1,3,2,45,-47,97
4,3,2,0,0,-19,-31,58
4,3,2,0,1,34,-14,41
4,3,2,0,2,14,-68,-94
4,3,2,1,0,-71,95,26
4,3,2,1,1,-52,-31,-43
4,3,2,1,2,38,-65,-52
4,3,2,2,0,-77,-83,56
4,3,2,2,1,68,-68,-12
4,3,2,2,2,-44,29,-60
4,3,2,3,0,-59,-84,15
4,3,2,3,1,-32,95,13
4,3,2,3,2,84,-64,-9
4,3,3,0,0,-62,-100,-15
4,3,3,0,1,-8,28,-67
4,3,3,0,2,-39,8,-43
4,3,3,1,0,-63,-81,49
4,3,3,1,1,-10,-95,-35
4,3,3,1,2,-99,29,68
4,3,3,2,0,16,26,53
4,3,3,2,1,21,34,8
4,3,3,2,2,0,35,-47
4,3,3,3,0,83,26,75
4,3,3,3,1,-17,13,96
4,3,3,3,2,89,2,9
4,4,0,0,0,-86,-43,-48
4,4,0,0,1,11,-45,-89
4,4,0,0,2,-66,-28,91
4,4,0,1,0,-86,-93,-49
4,4,0,1,1,56,82,42
4,4,0,1,2,-99,-33,-32
4,4,0,2,0,96,14,21
4,4,0,2,1,-32,87,-88
4,4,0,2,2,-36,46,-1
4,4,0,3,0,67,6,-68
4,4,0,3,1,-41,-75,-98
4,4,0,3,2,-43,-19,-86
4,4,1,0,0,-71,31,-61
4,4,1,0,1,-33,-6,97
4,4,1,0,2,4,47,96
4,4,1,1,0,11,-91,21
4,4,1,1,1,-87,7,28
4,4,1,1,2,96,56,40
4,4,1,2,0,9,80,-49
4,4,1,2,1,-71,-67,72
4,4,1,2,2,63,-1,-5
4,4,1,3,0,89,39,-48
4,4,1,3,1,-67,44,5
4,4,1,3,2,52,-41,57
4,4,2,0,0,-38,18,-21
4,4,2,0,1,-74,49,-53
4,4,2,0,2,5,22,-6
4,4,2,1,0,-90,2,27
4,4,2,1,1,31,-30,26
4,4,2,1,2,68,-11,-87
4,4,2,2,0,-67,66,-7
4,4,2,2,1,10,91,-45
4,4,2,2,2,-54,2,97
4,4,2,3,0,37,90,24
4,4,2,3,1,95,34,100
4,4,2,3,2,-3,74,52
4,4,3,0,0,-79,-88,33
4,4,3,0,1,69,-64,28
4,4,3,0,2,80,-88,44
4,4,3,1,0,-15,-68,68
4,4,3,1,1,-39,-43,36
4,4,3,1,2,-35,61,-70
4,4,3,2,0,-24,-39,23
4,4,3,2,1,-71,66,-30
4,4,3,2,2,35,62,22
4,4,3,3,0,47,52,42
4,4,3,3,1,98,-34,-16
4,4,3,3,2,75,-81,82
4,5,0,0,0,-89,-21,-20
4,5,0,0,1,-37,-40,-35
4,5,0,0,2,30,31,93
4,5,0,1,0,-97,-36,-68
4,5,0,1,1,-32,26,79
4,5,0,1,2,7,-65,-83
4,5,0,2,0,25,69,98
4,5,0,2,1,44,-9,-23
4,5,0,2,2,-4,79,-51
4,5,0,3,0,13,-54,-45
4,5,0,3,1,-1,6,-58
4,5,0,3,2,-4,-61,35
4,5,1,0,0,-55,-25,-9
4,5,1,0,1,-3,70,39
4,5,1,0,2,-10,-56,-61
4,5,1,1,0,78,18,59
4,5,1,1,1,63,51,-50
4,5,1,1,2,79,-66,-48
4,5,1,2,0,-94,-2,-75
4,5,1,2,1,74,-4,-47
4,5,1,2,2,-72,10,46
4,5,1,3,0,-47,-98,14
4,5,1,3,1,-83,59,28
4,5,1,3,2,47,91,-26
4,5,2,0,0,-39,-17,-7
4,5,2,0,1,-81,-19,-70
4,5,2,0,2,-43,-95,-12
4,5,2,1,0,-15,-54,92
4,5,2,1,1,89,-87,-51
4,5,2,1,2,49,-79,1
4,5,2,2,0,-18,-53,95
4,5,2,2,1,-71,-20,-84
4,5,2,2,2,91,17,47
4,5,2,3,0,-65,36,-68
4,5,2,3,1,46,52,68
4,5,2,3,2,-9,-29,-14
4,5,3,0,0,95,65,58
4,5,3,0,1,41,-31,90
4,5,3,0,2,-82,64,0
4,5,3,1,0,82,83,-100
4,5,3,1,1,-31,93,-55
4,5,3,1,2,97,39,54
4,5,3,2,0,8,-70,16
4,5,3,2,1,79,-79,-5
4,5,3,2,2,-18,-68,-11
4,5,3,3,0,-86,-90,-58
4,5,3,3,1,63,60,68
4,5,3,3,2,-23,-14,-69
5,0,0,0,0,50,-37,86
5,0,0,0,1,-74,40,73
5,0,0,0,2,95,-41,-6
5,0,0,1,0,8,46,16
5,0,0,1,1,89,28,2
5,0,0,1,2,20,-17,30
5,0,0,2,0,8,21,-59
5,0,0,2,1,-65,46,91
5,0,0,2,2,-58,41,17
5,0,0,3,0,59,-36,-8
5,0,0,3,1,50,53,-53
5,0,0,3,2,35,-33,-90
5,0,1,0,0,47,-35,64
5,0,1,0,1,-7,2,21
5,0,1,0,2,-43,18,43
5,0,1,1,0,-18,-61,-23
5,0,1,1,1,-88,-9,-60
5,0,1,1,2,-30,83,-54
5,0,1,2,0,22,-38,-73
5,0,1,2,1,-14,-69,-95
5,0,1,2,2,34,91,2
5,0,1,3,0,-58,-18,-70
5,0,1,3,1,-64,33,80
5,0,1,3,2,87,-39,-49
5,0,2,0,0,-16,-32,38
5,0,2,0,1,56,22,-88
5,0,2,0,2,-92,-65,25
5,0,2,1,0,-59,76,-6
5,0,2,1,1,35,33,42
5,0,2,1,2,59,-41,91
5,0,2,2,0,-32,-2,-25
5,0,2,2,1,-77,-90,56
5,0,2,2,2,76,-48,1
5,0,2,3,0,17,-24,-82
5,0,2,3,1,-20,-10,-87
5,0,2,3,2,12,-22,81
5,0,3,0,0,-29,11,37
5,0,3,0,1,46,-34,-83
5,0,3,0,2,-42,-32,-22
5,0,3,1,0,-23,-1,42
5,0,3,1,1,-7,70,28
5,0,3,1,2,10,-91,9
5,0,3,2,0,-3,-84,78
5,0,3,2,1,100,16,99
5,0,3,2,2,-40,-72,-41
5,0,3,3,0,17,-48,31
5,0,3,3,1,-40,28,90
5,0,3,3,2,-29,-63,58
5,1,0,0,0,52,-21,40
5,1,0,0,1,97,-100,-30
5,1,0,0,2,-17,-26,-15
5,1,0,1,0,76,-18,-29
5,1,0,1,1,85,88,-63
5,1,0,1,2,-83,27,-38
5,1,0,2,0,-69,33,88
5,1,0,2,1,82,99,-7
5,1,0,2,2,12,-66,-14
5,1,0,3,0,-50,-83,58
5,1,0,3,1,84,-10,45
5,1,0,3,2,75,8,50
5,1,1,0,0,71,40,-4
5,1,1,0,1,-16,-95,-60
5,1,1,0,2,-84,63,24
5,1,1,1,0,-58,37,-54
5,1,1,1,1,66,62,-72
5,1,1,1,2,-23,55,94
5,1,1,2,0,39,78,41
5,1,1,2,1,38,-41,-54
5,1,1,2,2,13,20,92
5,1,1,3,0,98,57,78
5,1,1,3,1,72,-53,-70
5,1,1,3,2,-31,60,-16
5,1,2,0,0,-43,-88,59
5,1,2,0,1,-84,85,38
5,1,2,0,2,-44,-89,37
5,1,2,1,0,15,-14,40
5,1,2,1,1,-68,-28,-25
5,1,2,1,2,24,85,44
5,1,2,2,0,-79,90,41
5,1,2,2,1,60,10,97
5,1,2,2,2,63,37,68
5,1,2,3,0,-73,-3,62
5,1,2,3,1,42,-34,-73
5,1,2,3,2,-96,-82,3
5,1,3,0,0,-60,74,42
5,1,3,0,1,-1,-54,74
5,1,3,0,2,38,-20,-76
5,1,3,1,0,-96,76,-12
5,1,3,1,1,8,-5,-16
5,1,3,1,2,48,-60,46
5,1,3,2,0,32,-51,-100
5,1,3,2,1,35,62,-77
5,1,3,2,2,69,49,-42
5,1,3,3,0,-77,-6,-7
5,1,3,3,1,90,72,-37
5,1,3,3,2,-75,5,70
5,2,0,0,0,65,29,-74
5,2,0,0,1,-63,31,73
5,2,0,0,2,19,97,-62
5,2,0,1,0,-96,7,52
5,2,0,1,1,-90,73,71
5,2,0,1,2,17,-36,-38
5,2,0,2,0,86,-32,20
5,2,0,2,1,-32,-72,-38
5,2,0,2,2,-4,-51,94
5,2,0,3,0,75,-22,-83
5,2,0,3,1,-30,97,-75
5,2,0,3,2,16,-75,90
5,2,1,0,0,98,21,74
5,2,1,0,1,14,-49,-20
5,2,1,0,2,47,-31,86
5,2,1,1,0,-46,73,30
5,2,1,1,1,60,-72,92
5,2,1,1,2,38,-34,-74
5,2,1,2,0,-11,-7,-98
5,2,1,2,1,-48,100,-22
5,2,1,2,2,-80,10,-42
5,2,1,3,0,79,-7,-40
5,2,1,3,1,-74,60,-85
5,2,1,3,2,-61,31,-78
5,2,2,0,0,-70,-44,30
5,2,2,0,1,68,-83,-22
5,2,2,0,2,96,72,0
5,2,2,1,0,-10,66,-51
5,2,2,1,1,74,-19,-32
5,2,2,1,2,62,-90,-24
5,2,2,2,0,16,61,46
5,2,2,2,1,-63,-61,-32
5,2,2,2,2,-58,57,-16
5,2,2,3,0,73,10,22
5,2,2,3,1,45,-43,78
5,2,2,3,2,-65,-39,2
5,2,3,0,0,-71,30,11
5,2,3,0,1,89,-5,57
5,2,3,0,2,33,27,3
5,2,3,1,0,-39,-96,72
5,2,3,1,1,66,81,-89
5,2,3,1,2,-48,56,-86
5,2,3,2,0,100,0,-72
5,2,3,2,1,-22,9,-70
5,2,3,2,2,21,-71,-35
5,2,3,3,0,62,73,-1
5,2,3,3,1,-28,20,54
5,2,3,3,2,88,-1,79
5,3,0,0,0,-67,-21,21
5,3,0,0,1,-100,-9,33
5,3,0,0,2,-85,-50,-3
5,3,0,1,0,85,77,-4
5,3,0,1,1,-66,-68,-14
5,3,0,1,2,8,31,40
5,3,0,2,0,-48,-16,71
5,3,0,2,1,79,-20,1
5,3,0,2,2,-63,-46,-15
5,3,0,3,0,-94,52,78
5,3,0,3,1,-88,15,-14
5,3,0,3,2,84,-44,9
5,3,1,0,0,1,-68,65
5,3,1,0,1,-71,-4,3
5,3,1,0,2,-71,-7,-49
5,3,1,1,0,75,-10,-35
5,3,1,1,1,-2,67,84
5,3,1,1,2,70,8,-25
5,3,1,2,0,73,99,-45
5,3,1,2,1,59,71,-29
5,3,1,2,2,-74,-8,5
5,3,1,3,0,6,-77,-74
5,3,1,3,1,79,84,-79
5,3,1,3,2,20,-67,-62
5,3,2,0,0,-31,-63,-21
5,3,2,0,1,-61,51,4
5,3,2,0,2,51,-25,-10
5,3,2,1,0,-98,10,-100
5,3,2,1,1,10,19,80
5,3,2,1,2,7,91,67
5,3,2,2,0,56,-41,-9
5,3,2,2,1,-7,-47,11
5,3,2,2,2,65,-58,12
5,3,2,3,0,-1,-21,-51
5,3,2,3,1,93,-86,18
5,3,2,3,2,-61,-62,17
5,3,3,0,0,34,84,-24
5,3,3,0,1,61,22,-43
5,3,3,0,2,-6,87,-98
5,3,3,1,0,62,-73,-76
5,3,3,1,1,56,93,99
5,3,3,1,2,-11,-70,64
5,3,3,2,0,-41,46,-64
5,3,3,2,1,-58,-63,-66
5,3,3,2,2,-44,-88,-21
5,3,3,3,0,-57,33,50
5,3,3,3,1,98,3,-6
5,3,3,3,2,34,-5,-85
5,4,0,0,0,-11,-36,44
5,4,0,0,1,-47,-61,-4
5,4,0,0,2,-9,91,32
5,4,0,1,0,8,46,-16
5,4,0,1,1,-9,97,-96
5,4,0,1,2,54,-63,33
5,4,0,2,0,-70,38,75
5,4,0,2,1,8,84,-42
5,4,0,2,2,58,-93,-25
5,4,0,3,0,94,-16,32
5,4,0,3,1,55,90,-21
5,4,0,3,2,40,-22,-17
5,4,1,0,0,-71,43,12
5,4,1,0,1,57,-11,-91
5,4,1,0,2,66,68,8
5,4,1,1,0,-9,25,-49
5,4,1,1,1,21,47,16
5,4,1,1,2,-83,-38,-60
5,4,1,2,0,-69,71,-14
5,4,1,2,1,-58,36,-72
5,4,1,2,2,29,3,-65
5,4,1,3,0,-42,-67,-17
5,4,1,3,1,72,-87,-1
5,4,1,3,2,-6,-69,61
5,4,2,0,0,-29,-96,99
5,4,2,0,1,6,5,-75
5,4,2,0,2,-50,-18,-18
5,4,2,1,0,58,-75,72
5,4,2,1,1,-47,-31,-16
5,4,2,1,2,14,-10,68
5,4,2,2,0,-57,-43,34
5,4,2,2,1,-26,-46,-60
5,4,2,2,2,-77,1,-95
5,4,2,3,0,-85,-75,19
5,4,2,3,1,-59,6,-21
5,4,2,3,2,-31,55,-81
5,4,3,0,0,6,56,-21
5,4,3,0,1,-29,20,15
5,4,3,0,2,5,35,92
5,4,3,1,0,70,-48,41
5,4,3,1,1,72,85,29
5,4,3,1,2,65,58,43
5,4,3,2,0,7,78,-78
5,4,3,2,1,3,-75,16
5,4,3,2,2,-13,-67,77
5,4,3,3,0,-85,50,-48
5,4,3,3,1,93,-24,97
5,4,3,3,2,71,-67,-19
5,5,0,0,0,-47,-34,54
5,5,0,0,1,-40,42,53
5,5,0,0,2,89,-51,-88
5,5,0,1,0,-29,25,84
5,5,0,1,1,-20,45,-95
5,5,0,1,2,-91,-21,44
5,5,0,2,0,-22,-15,99
5,5,0,2,1,98,-78,26
5,5,0,2,2,-67,-33,-62
5,5,0,3,0,47,3,66
5,5,0,3,1,-83,41,-3
5,5,0,3,2,-5,23,95
5,5,1,0,0,1,-6,98
5,5,1,0,1,36,48,-79
5,5,1,0,2,-89,-77,92
5,5,1,1,0,72,-6,57
5,5,1,1,1,27,-48,-94
5,5,1,1,2,100,-45,-11
5,5,1,2,0,43,-18,37
5,5,1,2,1,76,77,-69
5,5,1,2,2,-90,29,51
5,5,1,3,0,47,-41,-31
5,5,1,3,1,43,52,90
5,5,1,3,2,95,-1,-86
5,5,2,0,0,98,-79,96
5,5,2,0,1,-88,10,77
5,5,2,0,2,-9,-12,-84
5,5,2,1,0,-5,-96,-91
5,5,2,1,1,-74,54,-70
5,5,2,1,2,-60,46,-71
5,5,2,2,0,92,10,-16
5,5,2,2,1,12,39,-76
5,5,2,2,2,76,-63,85
5,5,2,3,0,-3,61,61
5,5,2,3,1,-18,-63,-57
5,5,2,3,2,-39,31,-95
5,5,3,0,0,93,-84,-15
5,5,3,0,1,13,-71,35
5,5,3,0,2,-9,95,-50
5,5,3,1,0,-12,-43,-75
5,5,3,1,1,-65,85,26
5,5,3,1,2,-39,65,-71
5,5,3,2,0,35,-91,98
5,5,3,2,1,-20,76,83
5,5,3,2,2,-60,8,79
5,5,3,3,0,-26,-45,-42
5,5,3,3,1,49,-84,88
5,5,3,3,2,79,68,23
